ID_Cliente,nombre,apellido,email,fecha_nacimiento,fecha_registro
1024,b,Bartolomé,colladoalejandro@example.org,1998-11-22,2025-10-04 11:57:21
1422,Juan Pablo,Armas,reynaldocarballo@example.com,1976-02-06,2025-09-18 08:00:41
1514,Simón,Alfaro,qprada@example.org,1921-04-27,2025-10-13 08:49:39
1367,Ángeles,Comas,etelvina50@example.com,2004-10-22,2025-09-25 15:25:35
1787,Noé,Donaire,jordirico@example.net,2006-03-27,2025-09-22 22:44:23
1714,Ezequiel,Seco,albina79@example.com,1968-03-16,2025-10-06 02:41:03
1993,Nilda,Martínez,fcantero@example.net,,2025-09-30 05:39:04
1056,Zacarías,Ojeda,ecaballero@example.net,2002-10-17,2025-09-23 02:30:22
1972,Gabriela,Ricart,samuel40@example.com,,2025-09-22 01:43:13
1694,Benigno,Perea,robertonoguera@example.com,1989-11-19,2025-09-27 04:15:58
1116,Amaya,Agullo,barovanesa@example.com,1985-10-27,2025-09-29 09:26:28
1758,Loreto,Manrique,torrenarcisa@example.org,1971-07-29,2025-10-08 04:43:05
1380,Chita,Puerta,mariselacarrasco@example.net,1991-05-11,2025-09-18 04:15:51
1360,Goyo,Lledó,pcarrera@example.org,1953-07-19,2025-09-27 12:45:51
1161,Leire,Reguera,realbienvenida@example.org,1972-04-20,2025-09-30 11:13:56
1131,Nerea,Gual,serafinanoguera@example.com,2002-02-12,2025-10-10 23:39:02
1824,,Llano,agapitopadilla@example.com,1965-07-04,2025-09-29 21:22:30
1992,Luz,González,gvilar@example.com,,2025-10-10 11:34:01
1803,Horacio,Machado,valdesmelchor@example.org,1991-12-14,2025-09-24 00:37:48
1951,Chus,Peiró,vizcainomarcelo@example.com,1952-09-14,2025-10-06 01:08:32
1122,Florentino,Barragán,obdulia97@example.org,1946-12-30,2025-09-18 06:04:11
1733,Gabriel,Quesada,nayaraiglesias@example.net,1951-10-23,2025-10-03 00:12:07
1228,Urbano,Neira,ialberola@example.net,1973-07-27,2025-10-07 03:15:26
1166,Amaro,Galan,vianabibiana@example.com,1960-12-31,2025-09-29 12:14:26
1742,Evaristo,Rincón,marindani@example.com,1946-03-21,2025-10-07 17:00:49
1159,Mamen,Rueda,mamen.rueda@hotmail,1986-11-24,2025-10-14 13:05:17
1201,Zacarías,Bellido,caridad17@example.net,1954-10-18,2025-10-08 18:15:57
1569,c,Alfaro,moranteambrosio@example.com,1984-10-17,2025-10-12 12:22:14
1968,Prudencio,Terrón,vitoricart@example.net,1969-05-29,2025-09-18 09:38:22
1261,Lorenzo,Sandoval,candidochamorro@example.org,1964-02-24,2025-09-19 05:06:01
1780,Julio César,Jurado,uriarteabril@example.com,1975-07-16,2025-09-25 22:27:01
1017,Ana Sofía,Alcolea,herrerodalila@example.net,1953-09-24,2025-09-21 21:59:15
1909,Florina,Cruz,queropancho@example.com,2003-12-09,2025-09-17 04:36:50
1555,Carlito,Bermúdez,fpelayo@example.com,1995-10-19,2025-10-16 12:00:54
1937,María Luisa,Sanabria,beneteufemia@example.net,1999-02-16,2025-09-17 12:03:42
1720,Gregorio,Cobos,roxanapol@example.net,1954-07-15,2025-10-03 05:16:01
1927,Juan Luis,Bustamante,juanluis.bustamante.com,,2025-09-18 01:08:02
1554,Vanesa,Boix,eusebia44@example.com,1969-12-03,2025-09-29 01:18:59
1795,Mayte,Páez,mariscalhugo@example.net,1956-06-28,2025-10-04 17:05:50
1343,Eloy,Cardona,gertrudis64@example.org,1990-06-11,2025-09-19 05:51:16
1429,Ligia,Ferrándiz,emiliacasado@example.org,1959-10-22,2025-09-28 12:03:29
1739,Azeneth,Ferrán,ayanez@example.net,2002-09-02,2025-10-01 17:01:58
1545,Ignacia,Lastra,jcadenas@example.net,1974-07-23,2025-09-28 21:04:46
1585,Bernardita,Luján,tomas66@example.org,2008-07-30,2025-09-21 09:35:01
1515,Agustina,Zapata,rosariocarlos@example.org,2009-07-04,2025-10-07 18:27:46
1373,Jordi,Guzman,seguraroque@example.org,2001-11-25,2025-09-19 05:07:48
1376,Teresita,Pozuelo,julian90@example.org,2026-01-20,2025-10-03 00:36:25
1817,Eusebia,Manzanares,eraya@example.org,1970-06-11,2025-10-14 17:16:15
1958,Aarón,Barbero,ariadnahervia@example.org,2026-10-04,2025-10-16 05:41:09
1289,Magdalena,Ochoa,duranangel@example.com,2002-03-15,2025-10-13 05:21:51
1385,Fabio123,Fabregat,vlinares@example.net,1924-01-19,2025-09-23 06:05:33
1277,Filomena,Chacón,sancho02@example.org,1980-09-27,2025-09-26 11:52:37
1657,Benjamín,Folch,tecla62@example.com,2012-11-27,2025-10-12 07:47:58
1021,Valentina??,Querol,jmenendez@example.com,1959-03-19,2025-10-12 00:21:16
1181,María Teresa,Alberola,anibalrivera@example.org,1970-03-02,2025-09-21 18:58:43
1086,Benjamín,Falcón,martorellbaldomero@example.org,2002-01-08,2025-09-27 11:19:02
1061,Angelino,Echevarría,modesto32@example.org,2002-08-28,2025-10-11 02:37:45
1467,Benjamín,Gonzalez,benjamin.gonzalez@hotmail,1996-11-30,2025-10-10 21:50:09
1320,Fabiana,Sans,francisco-javier34@example.com,,2025-09-18 21:01:02
1732,Ricarda,Peral,tatiana36@example.net,1945-06-30,2025-09-17 17:08:03
1033,Marianela,Barragán,angela95@example.net,1966-12-05,2025-09-23 18:32:32
1363,Victorino,Romeu,murluciana@example.com,1975-10-30,2025-09-19 16:35:13
1227,Plinio,Sacristán,plinio.sacristan.com,1951-03-22,2025-09-18 04:58:39
1634,Íngrid,Tomas,jordi21@example.net,2004-03-19,2025-10-05 16:49:27
1989,Pepe,Peñas,pepe.penas@na.org,1999-03-16,2025-10-01 12:32:07
1490,Reynaldo,Mariño,rosalesmayte@example.org,1951-11-16,2025-10-12 18:06:11
1829,Tere,Salom,noe89@example.org,1979-11-13,2025-10-08 05:30:30
1918,Fabio,Paniagua,lupita81@example.org,1970-07-01,2025-10-14 21:41:44
1560,Candelario,Vicente,rogelio12@example.com,,2025-10-11 02:13:00
1532,Estrella,Goñi,gualleandra@example.net,2009-09-29,2025-09-30 12:07:28
1326,Guadalupe,Araujo,adan81@example.org,1959-02-22,2025-09-28 01:40:13
1903,Cayetana,Espejo,rodolfosaura@example.com,1982-01-12,2025-10-01 22:19:41
1402,Ricardo,Beltran,samu56@example.org,1976-04-07,2025-09-19 13:51:16
1574,Rodrigo,Armas,isabelamena@example.com,1957-03-19,2025-09-25 06:49:42
1375,Anselma,Calatayud,comasmaria-del-carmen@example.org,2002-05-27,2025-09-25 21:24:17
1471,Itziar,Cordero,teobaldocarbo@example.com,1915-09-21,2025-09-19 13:19:20
1546,,Pérez,feliudanilo@example.com,1947-04-20,2025-09-29 12:12:56
1303,Gerardo,Jover,salombrunilda@example.org,1963-12-06,2025-09-24 07:44:34
1538,Bartolomé,Llanos,fortunata76@example.net,2008-05-10,2025-09-18 01:50:47
1078,Marisela,Serna,gregorio00@example.org,2026-02-05,2025-10-10 20:36:57
1977,Ángeles,Lluch,dafneacero@example.net,1964-02-02,2025-10-08 09:26:11
1372,Valeria,Pujol,doratalavera@example.net,1983-10-05,2025-10-05 12:06:09
1526,Arcelia,Corral,arcelia.corral@hotmail,2001-11-29,2025-09-23 14:03:35
1012,Lilia,Ruiz,borja25@example.org,1974-10-12,2025-09-22 08:36:24
1167,Cristian,Aguiló,gala45@example.org,1977-04-28,2025-10-04 04:05:33
1668,Gracia,Benitez,arceliabonet@example.com,1960-06-30,2025-09-25 18:28:55
1386,Eric,Mariscal,alberolaester@example.org,2006-04-03,2025-09-24 02:17:28
1923,Ricardo,Rodriguez,qrequena@example.com,2000-02-29,2025-10-16 15:38:07
1693,Roxana,Alcázar,bernarda40@example.com,2005-04-22,2025-09-24 19:00:55
1331,Selena,Barrena,pacolamas@example.org,1956-07-22,2025-09-23 03:55:27
1901,Esther,Camps,esther.campsgmail.com,2008-10-11,2025-10-08 19:37:32
1096,Lara,Mayo,lidia40@example.org,1952-10-05,2025-10-14 09:07:35
1744,Nicodemo,Ponce,cherrero@example.com,2003-11-02,2025-09-29 22:39:03
1123,Eutimio,Gual,coronaarnal@example.org,2004-08-22,2025-10-01 19:33:19
1887,Jose Carlos,Arrieta,modestabaez@example.net,,2025-09-26 05:55:10
1600,Tadeo,Rodríguez,nogueirasilvestre@example.com,1964-06-01,2025-09-18 09:53:44
1452,Samanta,Tejada,chaconnatanael@example.org,1968-05-18,2025-10-15 17:49:25
1278,Gregorio!,Iborra,jose-luisbravo@example.com,,2025-10-12 04:10:45
1051,Laura,Acevedo,antonio53@example.com,1997-05-14,2025-10-16 00:18:54
1813,Amarilis,Valdés,salomelorenzo@example.com,,2025-09-20 23:54:23
1962,Gervasio,Rico,gonzalezluciana@example.com,1947-11-14,2025-09-25 15:56:22
1441,Caridad,Montoya,yaviles@example.com,,2025-09-29 03:34:41
1080,Bernardino,Carnero,hectorcontreras@example.com,2025-11-20,2025-09-28 19:05:41
1721,Josep,Valverde,cebrianbernat@example.org,1953-06-25,2025-10-05 13:27:02
1321,Máximo,Velasco,cbarcelo@example.com,1977-02-26,2025-09-21 16:02:05
1769,Elpidio,Villena,andres-felipesomoza@example.org,2013-03-03,2025-09-20 05:39:52
1873,Hilda,Cerezo,epinto@example.net,1978-08-04,2025-10-13 22:40:19
1206,Merche,Canales,atolosa@example.org,1995-02-11,2025-09-18 23:37:14
1843,Leocadia@,Ochoa,tecla91@example.org,2005-05-23,2025-10-14 00:23:09
1302,Lidia,Giner,antunezseveriano@example.net,1995-04-20,2025-09-21 06:22:24
1359,Noa,Martín,ugarmendia@example.org,1969-02-11,2025-09-30 09:25:11
1508,Macaria,Muro,adelaidalastra@example.net,1981-08-01,2025-09-19 07:18:02
1842,Fito,Huerta,carroamado@example.org,1977-12-28,2025-10-10 03:42:15
1079,Cruz??,Vergara,riberaadela@example.org,1966-12-09,2025-10-14 18:36:49
1039,Nuria,Gámez,nuria.gamez@none.io,2009-05-29,2025-10-10 23:23:14
1410,Juanita,Rivera,achacon@example.net,2002-08-09,2025-10-01 15:00:57
1792,Remigio,Paz,jcolomer@example.org,1948-05-08,2025-09-28 06:19:46
1953,Concha,Berrocal,martihugo@example.net,2005-02-24,2025-09-16 11:46:19
1234,Jacinto,Palacio,sbaquero@example.net,2009-03-09,2025-10-07 14:26:32
1431,Quirino,Donaire,quirino.donaire@spam.net,2009-04-14,2025-09-23 15:46:32
1914,Alonso,Verdugo,mohamedcasals@example.org,1977-10-09,2025-10-02 14:30:47
1981,Toni,Cornejo,tonobarrios@example.org,1988-09-22,2025-10-02 21:19:40
1766,Felisa,Caparrós,pedrosanatalio@example.net,1985-10-23,2025-09-20 14:14:11
1333,Gaspar,Ocaña,bibianaosorio@example.net,1974-03-17,2025-09-26 10:14:40
1065,Ainoa,Arnal,anastasiocabezas@example.net,1991-11-25,2025-10-15 17:50:55
1060,Zacarías,Lillo,scorral@example.net,1949-12-15,2025-09-27 13:34:04
1786,Dora,Goñi,amarilisleal@example.com,1962-02-13,2025-09-17 15:50:28
1888,Violeta,Tejera,barcenaaitana@example.com,,2025-09-20 20:01:37
1454,Cruz,Solana,nvicens@example.com,2007-04-11,2025-10-02 17:44:59
1338,Luís,Matas,zaida11@example.org,,2025-10-10 02:21:54
1135,Geraldo,Falcó,wcarbajo@example.net,1985-12-05,2025-10-09 07:06:40
1411,Judith,Mancebo,cuervojimena@example.com,1954-11-15,2025-09-24 22:48:09
1505,Araceli,Bolaños,brigida89@example.com,1930-04-09,2025-09-22 06:04:27
1774,Godofredo,Aroca,tomasavaquero@example.com,2001-12-07,2025-09-18 19:56:02
1791,Basilio,Pallarès,ciriaco31@example.org,1976-10-08,2025-09-25 22:40:21
1099,Aníbal,Parejo,lara37@example.com,,2025-09-30 10:27:43
1485,Juan Bautista,Palma,santiagociriaco@example.org,2019-06-10,2025-09-21 22:50:33
1231,Adalberto,Reina,rcampillo@example.com,1959-09-26,2025-10-16 17:51:57
1876,Rocío,Ribas,cletorossello@example.net,1957-07-20,2025-10-14 15:25:04
1128,María Fernanda@,Fonseca,tonibarreda@example.com,1987-12-31,2025-10-07 07:01:41
1959,,Jover,.jovergmail.com,,2025-10-05 01:04:12
1351,Dolores,Toledo,dolores.toledo@none.io,1970-11-22,2025-10-01 23:17:59
1562,Lisandro,Jáuregui,teofiloosorio@example.org,1977-04-12,2025-09-17 08:13:33
1072,Manu,Coronado,ginercharo@example.net,1965-11-16,2025-09-24 13:10:18
1650,Martirio,Oliver,leticia46@example.org,1960-05-04,2025-10-10 01:38:58
1929,Carmina,Lumbreras,marce@example.com,1961-06-27,2025-10-13 23:56:35
1425,Flavia,Salamanca,balmazan@example.org,1975-11-13,2025-10-01 20:46:21
1358,Cloe,Paniagua,oteroevita@example.net,2003-12-18,2025-10-13 08:53:53
1759,Federico,Font,carmenfigueroa@example.net,1965-03-26,2025-09-22 12:44:19
1381,Amado,Carrera,bfalcon@example.net,1954-11-08,2025-09-21 17:12:48
1257,Alondra,Vega,giselatapia@example.net,1959-05-29,2025-10-12 17:16:30
1279,Guiomar,Canals,acortes@example.net,1946-11-20,2025-09-22 10:37:00
1640,Samu,Ugarte,amadorevangelina@example.com,1971-11-08,2025-10-05 22:53:57
1492,Jenaro,Arnaiz,pazherrera@example.net,1978-03-08,2025-09-20 10:13:41
1436,Fidel,Casares,chuycastellanos@example.com,1963-02-02,2025-09-19 02:08:55
1399,Hernando,Arroyo,simon21@example.net,1998-10-31,2025-09-27 13:02:46
1539,Fanny,Acero,adelardo46@example.net,1951-05-28,2025-10-11 07:20:43
1287,Román,Rovira,ymuro@example.net,2007-05-05,2025-10-15 14:15:01
1883,Delfina,Villar,lladoagustin@example.net,2020-02-10,2025-10-02 16:04:57
1919,Iván,Espinosa,lunayesica@example.org,2004-01-10,2025-10-05 04:22:19
1125,Paco,Gual,diegobaldomero@example.org,1952-09-07,2025-09-17 10:53:10
1026,Nicodemo,Carnero,castellsilvio@example.net,1992-12-11,2025-09-29 01:37:04
1982,Epifanio,Ferrán,octavio72@example.org,1984-11-12,2025-10-15 06:27:47
1998,Clímaco,Esteban,climaco.esteban@spam.net,1956-12-07,2025-09-27 16:00:21
1457,Lourdes,Tirado,elopez@example.net,1947-12-08,2025-10-13 07:00:38
1416,Mauricio,Tolosa,javiera33@example.net,2007-07-27,2025-09-18 20:51:31
1696,Enrique,Luz,rduran@example.net,1988-04-23,2025-10-11 03:12:51
1364,Germán,Aranda,lprado@example.com,2007-06-10,2025-10-06 22:43:44
1639,Vito,Vázquez,bleal@example.com,1999-09-19,2025-10-13 11:17:52
1324,Ernesto,Ariño,tsegura@example.org,1951-06-19,2025-09-21 04:55:00
1200,Sarita,Fonseca,mortega@example.org,1978-05-27,2025-10-01 22:32:35
1330,Felix,Luján,aureliomendizabal@example.net,1955-11-02,2025-10-03 02:03:22
1866,Maximiano,Mateu,maximiano.mateu@none.io,1975-07-05,2025-09-19 04:54:25
1238,Mamen,Alcaraz,zzabala@example.com,1949-01-30,2025-10-03 17:56:30
1101,Benigno,Palomino,celestinosaez@example.net,1955-01-13,2025-10-16 07:41:44
1561,Bárbara??,Albero,saezgema@example.net,1956-10-27,2025-10-16 14:35:33
1015,Amada,Polo,amadofuster@example.org,1995-12-26,2025-09-17 08:09:41
1948,Rosenda,Busquets,sarapelaez@example.org,1951-12-28,2025-09-25 11:32:58
1164,Dani,Otero,dani.otero@test.com,1969-01-31,2025-09-18 03:28:16
1214,Brunilda,Sancho,victoriaduenas@example.com,1948-04-03,2025-10-04 16:19:34
1172,Marcelino,Llorente,lino55@example.net,1973-02-19,2025-10-14 13:20:39
1196,Blanca,Trillo,dbarrena@example.com,1988-04-12,2025-09-23 10:55:26
1450,Dani,Ropero,xbertran@example.com,1961-01-29,2025-10-07 08:32:24
1035,Claudio,Álamo,acostasergio@example.net,1977-02-15,2025-10-03 11:51:10
1149,Adriana,Bejarano,vamor@example.com,1956-12-09,2025-09-19 00:30:32
1392,José Manuel,Guillen,alberto02@example.net,1983-06-07,2025-10-02 23:39:02
1273,c,Riba,tespana@example.org,,2025-09-18 15:36:15
1089,Octavia,Bonet,lreina@example.net,1961-02-24,2025-10-15 23:41:40
1757,César,Parejo,cesar.parejo@spam.net,1974-04-09,2025-10-13 12:17:19
1939,Maximino,Barriga,pedro67@example.com,2006-10-14,2025-10-03 13:48:57
1556,Anunciación,Navarrete,abadmaria-jesus@example.com,1950-02-17,2025-09-25 11:42:14
1854,Catalina,Pascual,diazsalome@example.org,1971-12-01,2025-09-29 03:32:14
1879,Emiliana,Olmo,chita19@example.org,,2025-09-24 05:01:48
1802,Fulgencio,Adadia,josesantana@example.net,1980-06-14,2025-10-10 15:40:05
1018,Eligio,Morán,reinaldo09@example.com,1957-07-31,2025-10-16 14:27:15
1133,Angelita,Somoza,angelita.somoza@na.org,1977-04-17,2025-10-02 13:15:39
1756,Ruperta,Salvà,marisolmateo@example.net,2005-03-23,2025-09-20 05:55:17
1956,Susana123,Escolano,ruperta91@example.net,1958-01-15,2025-10-03 07:39:30
1617,Omar123,Guzmán,marmolruperta@example.org,,2025-09-24 14:30:06
1831,Amor,Amorós,perezcoral@example.com,1971-11-21,2025-09-19 07:06:50
1875,Morena,Peña,morena.pena@none.io,1959-02-13,2025-10-15 00:31:36
1191,Guillermo,Sevilla,aiglesia@example.com,1997-09-18,2025-10-10 07:42:41
1068,Adelaida,Oliver,slerma@example.com,1979-09-10,2025-09-30 01:21:23
1107,Moisés,Sánchez,inocenciodonaire@example.net,2001-07-01,2025-09-16 23:03:49
1797,Almudena,Gil,rafaacero@example.net,2007-02-08,2025-10-03 16:28:23
1654,Rosario,Pereira,anunciacionharo@example.com,,2025-10-05 23:37:59
1180,Rafael,Guzman,deliabertran@example.net,1971-08-03,2025-09-24 01:26:38
1692,Ulises,Domínguez,valeriovillalba@example.net,1993-03-06,2025-09-16 22:58:04
1189,Juan Pablo,Salvador,jeronimocoll@example.org,1965-05-24,2025-10-11 22:33:56
1222,Xiomara,Aparicio,xiomara.aparicio.com,1966-03-29,2025-10-07 03:15:49
1702,Gala,Alba,valamo@example.com,1953-01-23,2025-10-03 19:54:38
1420,Isaac,Cañellas,pascualaleon@example.org,1950-07-23,2025-09-18 09:11:14
1387,Venceslás,Bernad,npeiro@example.com,1945-04-22,2025-09-23 22:33:48
1520,Lorenzo,Berenguer,wcabezas@example.net,,2025-10-12 23:07:12
1154,Loreto,Uría,guillermovazquez@example.net,1955-04-05,2025-10-12 06:59:40
1685,Ana Sofía,Oller,teodosio24@example.net,1966-01-05,2025-09-22 07:41:32
1679,Dolores,Sanchez,ggiron@example.com,,2025-10-07 20:13:45
1243,Tomasa,Ramón,hfalco@example.org,,2025-10-04 04:15:00
1848,Ágata,Polo,mayoleocadio@example.net,1956-08-05,2025-10-02 19:54:10
1126,Maricruz!,Melero,hhervas@example.com,1978-01-10,2025-09-20 08:27:46
1917,Jorge,Riquelme,bprada@example.org,1998-12-24,2025-10-08 10:37:29
1823,Bernardita,Peralta,galmeida@example.net,1992-04-19,2025-09-18 19:38:18
1168,Reina,Barba,ucortina@example.org,,2025-10-15 07:57:32
1804,Victoriano,Cervantes,tpizarro@example.com,2009-08-06,2025-09-20 11:59:27
1217,a,Lago,araujowalter@example.net,1930-01-15,2025-09-22 03:23:08
1119,Ainoa,Fajardo,parejasimon@example.net,,2025-09-21 00:01:14
1111,Sandra,Espinosa,pedro63@example.net,,2025-10-10 11:59:38
1071,Raimundo,Macias,umontero@example.net,1957-02-27,2025-10-02 05:45:05
1642,Marino,Guillén,tsureda@example.com,1956-06-11,2025-09-27 09:03:58
1479,Federico,Rosa,amador68@example.org,1946-08-25,2025-10-12 04:30:28
1552,Emilia,Cueto,susanabarrios@example.com,1966-05-06,2025-09-29 05:32:42
1924,Melania??,Domingo,brionesdalila@example.org,1953-01-11,2025-09-22 08:15:30
1646,Eduardo,Aragón,penaluisina@example.com,1962-02-20,2025-10-10 11:29:58
1063,a,Martin,a.martin.com,1977-12-23,2025-09-21 18:17:49
1874,Crescencia,Cortés,villanuevaadoracion@example.org,2018-05-03,2025-09-21 07:18:24
1872,Rómulo,Pulido,begonamontserrat@example.com,1985-02-08,2025-10-15 22:04:24
1419,Fabiana,Frutos,palmira59@example.com,1989-06-12,2025-09-17 17:33:48
1595,Vanesa,Canals,riverogerardo@example.org,,2025-09-24 23:02:35
1869,Imelda,Benítez,lmelero@example.com,1976-12-06,2025-09-28 04:39:13
1083,Nazaret,Santamaria,verdejocelestina@example.net,1987-09-11,2025-10-11 02:00:29
1006,Enrique,Mercader,enrique.mercader@spam.net,2006-07-28,2025-10-07 01:38:01
1669,Reyna,Juárez,yjurado@example.com,1974-08-14,2025-09-21 05:14:05
1445,Calisto,Bueno,mariano26@example.org,1950-12-30,2025-09-17 05:10:34
1224,Celia,Recio,rcabrero@example.org,,2025-10-15 15:58:01
1816,Gertrudis,Sancho,emelina91@example.org,2026-06-08,2025-10-02 00:09:33
1297,David,Piña,david.pina@prueba.es,1999-03-28,2025-09-19 03:03:38
1770,Sonia,Galván,lunareina@example.org,1964-06-09,2025-09-27 10:01:10
1356,Lidia,Franch,sernamanu@example.org,1985-06-09,2025-10-11 05:19:09
1285,Evelia,Ortiz,rgalindo@example.org,1999-06-18,2025-10-05 19:48:35
1846,Tomasa,Delgado,tomasa.delgado.com,2005-11-22,2025-10-13 19:48:03
1705,Adán,Canet,bertamelendez@example.org,1977-03-31,2025-09-20 02:43:19
1221,Tiburcio,Nevado,pcarreras@example.org,1946-09-29,2025-10-16 13:01:53
1593,Fernando,Rosselló,fernando.rossello@prueba.es,2005-11-29,2025-09-26 19:38:32
1830,Lope,Romero,lope.romero@spam.net,2004-07-12,2025-09-18 02:14:41
1915,Otilia,Lamas,elisabet04@example.org,1953-02-28,2025-09-26 07:40:42
1706,María Fernanda,Pinilla,ruperta13@example.net,1975-01-05,2025-09-23 07:30:23
1223,Kike??,Dávila,maximino02@example.net,1999-01-01,2025-09-28 22:49:35
1037,Reinaldo@,Rubio,chema46@example.org,1972-03-19,2025-09-24 21:34:18
2000,María José,Monreal,cintia90@example.org,1973-04-23,2025-09-28 22:47:44
1318,,Mate,jose-angelbarcena@example.org,1986-03-14,2025-09-26 07:57:08
1777,a,Carballo,millaalcides@example.org,1983-05-22,2025-10-15 03:41:23
1819,Tania,Alvarado,melchor74@example.com,2026-08-07,2025-09-20 18:25:08
1810,Rafa,Cabeza,rafa.cabeza@spam.net,1991-01-13,2025-10-11 20:20:31
1255,Luis Ángel,Vives,epifaniozabala@example.org,1972-01-01,2025-10-12 14:41:46
1433,Teodora,Bru,benitavillalba@example.org,1950-07-09,2025-09-27 22:57:27
1337,Manolo,Escolano,lolagalvez@example.com,1978-04-18,2025-10-08 06:14:48
1094,Rafaela,Sastre,kvillaverde@example.com,2005-08-31,2025-10-15 00:22:33
1316,Macaria,Quiroga,rioconstanza@example.net,2026-09-19,2025-09-25 19:02:59
1814,Flavio,Arjona,colomaceferino@example.com,1921-06-30,2025-09-18 12:24:07
1165,Luisina,Criado,vbarral@example.com,1972-06-30,2025-09-22 05:49:49
1553,Angélica,Machado,oayllon@example.com,1992-01-13,2025-10-02 09:44:17
1171,Modesta,Azorin,teodoro06@example.org,1980-03-07,2025-10-04 11:41:12
1899,Felipa,Tamayo,mirallesprudencio@example.com,,2025-09-29 13:34:39
1841,Adalberto,Diego,framis@example.com,1993-02-01,2025-09-25 20:47:54
1630,Guillermo,Clemente,albina62@example.net,2026-08-23,2025-10-04 04:23:51
1547,Armando,Girón,filomena23@example.com,1959-06-30,2025-09-30 07:57:55
1616,Wilfredo,Barbero,bfernandez@example.org,1953-11-03,2025-10-12 15:10:24
1727,Guadalupe,Toro,julianahierro@example.net,2026-07-09,2025-10-12 22:41:05
1190,Leocadia,Espejo,bcanellas@example.com,1998-05-25,2025-09-19 09:10:57
1291,Emma,Rocha,eva-mariaseco@example.net,1950-09-04,2025-10-01 22:47:54
1969,Purificación,García,xrius@example.org,2002-01-13,2025-10-09 13:02:42
1134,Ibán,Morcillo,violetatomas@example.org,1983-04-06,2025-09-16 16:19:04
1643,Narcisa,Pedrero,wmendizabal@example.net,1955-01-08,2025-10-07 02:14:09
1535,Angelino,Padilla,jose-angelandres@example.org,1990-06-24,2025-09-25 08:54:18
1867,Lola,Laguna,mascaromelania@example.net,1994-08-03,2025-10-02 20:01:12
1488,c,Ruano,pia48@example.com,1950-05-20,2025-10-13 18:02:44
1612,Remedios,Losa,lupita65@example.net,1974-10-22,2025-10-14 14:08:55
1162,Eloy,Arco,carboeutimio@example.com,1974-07-10,2025-10-04 14:17:51
1631,Natividad@,Castells,roldanaugusto@example.net,1950-05-21,2025-09-20 09:45:59
1290,Calista,Dávila,isaura66@example.org,,2025-09-28 04:02:59
1258,Emelina,Olivera,rocacarlos@example.net,1965-09-10,2025-09-21 10:55:44
1264,Arturo,Fortuny,xmarcos@example.org,,2025-09-22 22:37:17
1109,Inmaculada,Julián,emaalegria@example.com,1963-04-03,2025-09-20 11:22:15
1310,Jose Angel,Milla,rosendo25@example.com,2016-07-05,2025-10-10 01:44:19
1865,Patricia,Daza,ypenas@example.com,1992-05-30,2025-10-09 00:57:02
1091,Florentina,Saura,maciaselpidio@example.net,1950-04-06,2025-10-07 02:01:41
1973,Saturnino,Leiva,ricoflorentino@example.net,2004-10-03,2025-09-16 20:37:39
1268,Rodrigo,Hernández,eugenia16@example.net,2015-05-12,2025-10-13 07:05:48
1077,Regina,Torrents,coronacolomer@example.net,1948-12-14,2025-10-11 02:15:05
1281,Carlos,Bejarano,llanocandelario@example.net,1985-06-05,2025-09-22 17:20:41
1549,Norberto,Robles,norberto.robles@test.com,2026-03-29,2025-09-20 13:19:13
1424,Poncio,Gras,modestaalcantara@example.net,2006-09-07,2025-09-25 09:15:52
1233,José Mari,Avilés,rcastello@example.net,,2025-10-06 01:08:41
1211,Anna,Espinosa,piedad00@example.org,2009-01-08,2025-09-21 07:19:55
1011,Gema,Tormo,carolinacabrero@example.com,1991-11-17,2025-09-25 17:28:35
1209,Martina,Andreu,abascalnando@example.net,2007-01-10,2025-09-30 23:18:32
1156,Saturnina,Lucas,leticia30@example.com,1965-01-16,2025-10-01 23:06:46
1188,María Jesús,Yuste,gcalvo@example.com,2004-12-01,2025-09-24 08:13:55
1581,Emma,Mendoza,carmelitaquintero@example.org,,2025-09-23 13:28:16
1487,Serafina,Castrillo,serafina.castrillo@prueba.es,2004-05-06,2025-10-13 00:58:16
1975,Guadalupe,Girona,guadalupe.girona@hotmail,1990-11-26,2025-09-19 15:14:41
1844,Pablo,Manrique,sigfrido81@example.org,1978-06-01,2025-10-10 21:28:28
1510,Sosimo,Guitart,bastiburcio@example.net,2009-05-24,2025-10-10 09:46:45
1984,Urbano,Castillo,arocanazaret@example.com,1979-02-21,2025-10-08 19:50:52
1132,Paulino,Gallego,alejogisbert@example.org,1974-02-06,2025-09-27 16:33:37
1862,Tere,Rojas,torrecillavera@example.org,1915-01-09,2025-09-25 10:25:12
1886,Xavier,Ramón,pinaariel@example.net,1988-09-09,2025-09-20 15:29:36
1110,Efraín,Guerrero,priegocelestina@example.org,2005-11-28,2025-10-10 15:46:48
1985,Consuelo@,Maestre,aureliano09@example.net,1983-06-13,2025-10-09 13:41:04
1034,Evelia,Prado,natanael60@example.net,1995-10-13,2025-10-07 23:54:59
1353,Ale,Cuadrado,juan35@example.net,1984-12-21,2025-10-07 08:42:07
1763,Agustina,Roma,apolonia37@example.org,,2025-09-16 11:29:56
1587,Encarna,Arteaga,anastasio61@example.net,2001-04-01,2025-10-01 22:08:10
1491,Apolonia,Cruz,mollamalia@example.org,1992-02-10,2025-10-15 06:04:14
1661,Anselmo,Canales,wespana@example.net,1987-12-05,2025-10-12 07:59:24
1629,Juan Antonio,Reig,bgonzalo@example.com,2003-11-10,2025-09-23 04:39:49
1117,Nadia,Montoya,nadia.montoya@none.io,1992-07-10,2025-10-15 06:53:40
1218,Tito,Coello,caparroshortensia@example.com,1953-06-13,2025-09-17 14:52:05
1025,Aarón123,Mayo,yperera@example.org,1948-05-21,2025-09-30 16:36:42
1145,Lilia,Sotelo,cornelio58@example.com,2006-01-21,2025-10-02 13:44:19
1070,Máxima,Ferrer,ramon26@example.com,1957-04-17,2025-10-07 00:15:22
1328,Jessica,Arrieta,zbou@example.com,1961-09-18,2025-09-28 18:33:53
1957,Vera??,Galán,jluis@example.com,1958-05-16,2025-09-17 06:05:53
1462,Luciana,Viana,ariel75@example.org,1954-09-20,2025-10-11 05:08:45
1081,Valero,Manzano,pablo46@example.org,1960-04-24,2025-10-16 09:27:20
1397,Anacleto,Olivares,eliana07@example.org,,2025-10-08 06:11:42
1588,Geraldo,Piñeiro,rosalva33@example.org,1996-08-04,2025-10-10 07:27:44
1933,Cayetana,Benavent,belenramos@example.com,1967-01-09,2025-10-04 01:18:05
1274,Ángel,Priego,vicentemoll@example.org,1988-12-22,2025-09-29 11:44:30
1941,Alfredo,Paniagua,calnydia@example.com,1976-11-06,2025-10-09 00:38:04
1847,Aurelia,Yuste,peralesanita@example.com,1957-04-23,2025-10-13 02:49:39
1524,Remigio,Zorrilla,qgranados@example.org,1918-01-07,2025-09-18 19:27:04
1349,Severiano,Redondo,sacristanmiriam@example.net,1986-02-16,2025-10-03 04:05:29
1788,Luciana@,Ródenas,valerocalatayud@example.com,1976-07-08,2025-10-07 08:34:57
1104,Julio César,Muñoz,ileana28@example.org,1955-03-11,2025-10-06 00:48:23
1129,Juan Manuel,Jurado,montanalupe@example.com,1978-10-06,2025-09-17 09:02:27
1945,Tomás,Cáceres,cifuentesrosa@example.net,2020-05-05,2025-10-10 18:10:36
1439,Lalo,Barceló,quesadaolivia@example.org,1971-08-28,2025-10-06 20:49:56
1697,Sofía,Diaz,llabresmacaria@example.com,,2025-09-25 19:29:29
1776,Norberto,Ricart,anacleto71@example.org,1947-10-28,2025-09-18 19:57:13
1558,Milagros,Echeverría,marredondo@example.org,1992-09-21,2025-10-10 23:59:29
1598,Bárbara,Almeida,ncriado@example.org,1971-06-14,2025-09-29 04:20:16
1470,Fidel,Robledo,canovasnestor@example.net,1972-01-29,2025-10-13 23:58:45
1292,Herberto@,Peiró,ealemany@example.org,2017-07-26,2025-09-21 20:57:30
1723,Eleuterio,Zabaleta,roque33@example.net,1955-03-09,2025-09-25 09:43:47
1494,Camila,Quero,jose-ignaciolanda@example.com,1949-12-15,2025-10-12 01:07:35
1044,Yésica,Soler,nataliablanch@example.net,1975-05-31,2025-10-02 14:05:53
1284,Abraham,Armas,barralamparo@example.com,2002-06-29,2025-09-30 15:28:46
1112,Constanza,Barroso,ramonherminio@example.net,1947-03-24,2025-10-09 20:12:45
1800,Nazaret,Rubio,ciriaco95@example.org,1919-04-17,2025-09-22 06:35:50
1199,Emilio@,Peñalver,emilio@.penalver@hotmail,,2025-10-12 20:55:08
1074,Eusebio,Ortuño,aaronpacheco@example.net,2006-10-15,2025-10-16 15:56:42
1173,Abigaíl,Coca,candela57@example.org,1955-11-01,2025-10-11 21:47:48
1738,Rosalina,Cantero,hectorburgos@example.net,2001-11-19,2025-10-05 11:12:32
1753,Adriana,Cabanillas,brunildareal@example.org,2018-02-20,2025-10-01 04:20:17
1737,c,Andres,c.andres@test.com,,2025-10-09 02:04:39
1620,Lucho,Miranda,maria-angeles47@example.org,2008-07-03,2025-09-18 14:12:50
1859,María Belén,Ávila,evalencia@example.com,1946-01-02,2025-09-24 22:22:17
1283,Montserrat,Alcalde,alondra52@example.com,1959-03-15,2025-09-26 21:54:06
1203,Aitana,Prats,berta42@example.com,2009-06-05,2025-10-05 05:37:41
1308,Virgilio,Herrera,climacolillo@example.org,1978-08-23,2025-10-03 20:16:37
1527,Aroa,Carmona,aroa.carmona@hotmail,2002-06-03,2025-10-14 15:24:40
1533,Édgar,Vazquez,obduliacatala@example.net,1961-03-21,2025-09-24 00:05:22
1408,Bernabé??,Peláez,natalio13@example.net,,2025-09-27 11:37:07
1075,África,Carlos,victoriano24@example.net,1988-06-13,2025-09-28 09:34:20
1835,Chus,Dávila,hildabayo@example.net,1997-10-28,2025-10-03 17:43:16
1672,Severino,Lucena,valerionogues@example.net,1982-09-16,2025-10-11 07:55:00
1442,Ezequiel,Manuel,ezequiel.manuel.com,1998-07-08,2025-10-14 03:54:50
1719,Noelia,Feliu,ester10@example.net,1979-01-05,2025-09-21 19:32:35
1590,Buenaventura,Adadia,tonialamo@example.com,1947-09-25,2025-09-22 10:00:11
1635,Isa,Buendía,jose-manuel01@example.org,1970-11-28,2025-10-12 13:09:00
1269,Primitivo,Santos,ymoles@example.org,,2025-10-12 06:34:39
1047,Lina,Valverde,alexpriego@example.com,,2025-10-08 11:10:08
1137,Candela,Fábregas,sespinosa@example.net,1960-01-12,2025-09-28 07:36:10
1401,Severino,Montalbán,alegriapili@example.com,1962-02-24,2025-10-15 15:42:32
1294,Nayara,Segarra,mirofidela@example.com,1969-04-09,2025-10-14 05:38:48
1239,Vidal,Perez,vidal.perezgmail.com,1995-06-25,2025-09-20 02:32:09
1934,Diana,Mendez,lidiacalleja@example.net,1994-03-03,2025-09-19 01:37:52
1566,Marcelino,Domínguez,jmarquez@example.com,1928-07-06,2025-10-08 23:55:53
1711,Teófila,Cortés,maribelpena@example.net,1987-06-28,2025-09-27 02:35:14
1935,Patricia,Guijarro,aguilerafulgencio@example.com,1927-03-22,2025-09-27 10:16:12
1568,Moisés,Tomas,blazquezsusana@example.com,1992-03-09,2025-09-29 07:58:23
1589,Rosalinda,Guardia,rosalinda.guardiagmail.com,1953-05-31,2025-10-09 22:40:21
1138,Simón,Flores,oesteve@example.com,1963-06-23,2025-10-09 08:43:01
1216,Nereida,Bayo,delgadovaleria@example.com,1980-06-19,2025-10-03 23:28:38
1877,Jose Antonio,Pont,xsamper@example.org,1994-08-24,2025-10-10 17:27:07
1760,Ainoa,Arjona,victor81@example.com,1971-05-26,2025-10-07 04:18:30
1870,Sarita,Valcárcel,eulaliavilanova@example.org,1945-12-15,2025-09-21 09:51:21
1997,Matilde,Blazquez,sacristaninocencio@example.com,1967-05-16,2025-10-03 18:34:39
1522,Francisco Jose,Antúnez,franciscojose.antunez@hotmail,1950-12-12,2025-09-24 12:12:45
1052,Octavio,Tolosa,cisnerosamparo@example.com,1927-12-06,2025-10-06 21:22:36
1826,Daniela,Galiano,carneroelisa@example.com,1999-10-15,2025-10-07 21:06:53
1548,Clotilde,Aller,tejedordonato@example.com,1965-07-23,2025-10-06 03:10:33
1703,Ema,Folch,villanuevafanny@example.net,1949-09-30,2025-09-22 03:16:51
1046,Carmina,Varela,catalina47@example.com,1966-06-10,2025-10-09 08:35:38
1625,Aureliano,Pol,liliacabeza@example.com,1984-07-01,2025-10-10 07:31:19
1027,Lalo,Sotelo,maximiliano80@example.net,1954-07-06,2025-09-17 19:01:32
1970,Domitila,Collado,quesadalisandro@example.org,1953-08-18,2025-10-13 22:37:07
1192,Teodoro,Luna,carrerapia@example.com,1992-02-21,2025-09-27 22:13:58
1644,Donato,Antúnez,jcuellar@example.com,2000-04-05,2025-10-16 14:30:54
1005,Julio,Jaén,iborraramon@example.org,1994-02-13,2025-09-24 22:47:25
1183,Carina,Aguilar,scoca@example.org,,2025-10-14 10:12:04
1856,Amor,Cid,kbastida@example.com,2005-12-08,2025-10-12 19:55:49
1691,Margarita,Dalmau,ucanovas@example.org,1979-06-30,2025-10-13 21:59:35
1443,Nazaret,Ferrando,nazaret.ferrando.com,1960-07-22,2025-10-10 03:27:02
1230,Calisto,Ramis,nnavarrete@example.net,2002-09-09,2025-10-09 13:51:54
1240,Morena,Corbacho,rcarvajal@example.net,1973-05-17,2025-10-09 15:14:16
1708,Juan,Naranjo,lucilatorrents@example.net,1979-02-17,2025-10-08 21:53:37
1512,Trini@,Pedrosa,ibarbero@example.org,2002-11-05,2025-09-19 21:52:07
1944,Albino,Ferrando,isabela34@example.org,1987-08-15,2025-09-17 12:52:33
1449,Olga,Iborra,jordan46@example.com,1976-09-21,2025-09-19 14:01:55
1518,Alicia,Vallejo,gilguzman@example.net,1982-05-11,2025-10-04 20:30:47
1002,Jose Luis,Trillo,joseluis.trillo@spam.net,,2025-10-03 20:23:54
1414,Moisés,Ledesma,ereal@example.org,1956-05-30,2025-10-09 04:20:32
1729,Leonel,Cortina,nicolasmoreno@example.com,1988-05-25,2025-10-05 07:40:36
1853,Feliciana,Carro,camarapaco@example.com,1957-08-15,2025-09-25 18:20:12
1827,Cayetana,Sanz,jimena58@example.net,1986-07-12,2025-10-11 16:52:46
1910,,Vilalta,.vilalta@prueba.es,1968-03-10,2025-09-26 23:15:00
1198,Rita,Ayala,tiburcio40@example.net,1962-07-19,2025-10-14 07:57:54
1298,Marisela,Leiva,tiburcio75@example.com,1985-03-18,2025-09-21 16:43:17
1371,Arcelia,Dalmau,imontalban@example.net,2002-10-08,2025-10-05 10:38:59
1684,Marciano,Pi,samutrujillo@example.org,2004-04-14,2025-10-12 10:36:04
1472,Iván,Expósito,rodriguezduilio@example.org,1995-09-05,2025-10-05 14:38:08
1772,José@,Ribas,rivasbegona@example.org,1957-08-15,2025-09-21 10:33:10
1067,Iris,Nieto,hoyosfelix@example.com,1997-12-22,2025-10-04 08:07:57
1029,Santiago,Egea,cabreroadela@example.com,1958-04-12,2025-09-19 16:18:35
1482,Modesta,Cal,rebollojose-manuel@example.org,1995-10-30,2025-10-03 23:26:27
1354,Julio César,Villalonga,ricardominguez@example.com,1990-08-20,2025-09-25 22:31:14
1621,Florencio,Alarcón,paco50@example.com,1986-06-21,2025-09-23 00:17:54
1286,Guillermo,Garriga,romansosimo@example.net,,2025-10-14 14:59:05
1417,Xiomara,Saez,remigio67@example.com,1953-06-01,2025-10-05 17:05:29
1583,Valero,Ramos,valero.ramos@prueba.es,2026-06-22,2025-09-20 18:57:14
1858,Victoriano,Mayo,aroma@example.net,2026-04-16,2025-10-14 17:47:26
1250,Roberta,Guitart,onofre24@example.com,1988-10-25,2025-09-22 08:47:03
1534,Víctor,Luque,tmorera@example.com,1981-03-11,2025-10-13 11:58:24
1304,Hipólito,Arrieta,eusebio40@example.org,2003-05-14,2025-09-30 19:22:54
1928,Zoraida??,Ródenas,zoraida??.rodenasgmail.com,1970-12-24,2025-10-14 20:08:19
1682,Pascuala,Diaz,vroman@example.net,,2025-09-30 06:27:31
1911,Judith,Capdevila,judith.capdevila@hotmail,1967-10-04,2025-10-07 05:30:55
1151,Espiridión123,Mascaró,esther80@example.net,1988-01-20,2025-09-24 14:37:36
1796,Luciana,Esteban,guadalupe81@example.com,1997-11-22,2025-10-02 23:49:15
1821,Trinidad,Valbuena,abrilmanu@example.com,1949-12-26,2025-10-02 22:55:19
1606,Carla,Barba,carla.barba@test.com,1967-09-18,2025-09-30 20:51:06
1907,Chuy,Sosa,buenopatricia@example.com,2008-02-11,2025-10-09 03:09:49
1731,Cayetana,Quevedo,quinteroaurelia@example.org,,2025-10-07 02:53:30
1001,Alejandro,Ibañez,phuerta@example.com,1976-03-18,2025-10-10 05:03:02
1748,Mercedes,Mascaró,pouleon@example.com,,2025-10-14 06:56:01
1698,Carolina,Manuel,zvelez@example.org,1998-06-12,2025-10-01 13:47:07
1498,Malena,Olmo,gomezsusana@example.org,1975-02-02,2025-10-06 22:35:41
1946,Eutropio,Pomares,cabezanidia@example.org,1996-07-08,2025-10-02 13:52:06
1306,Arcelia,Pina,ggallart@example.com,1991-07-09,2025-09-24 22:12:24
1516,Marcela,Tejada,enriquefont@example.org,1973-02-28,2025-10-02 02:20:26
1594,Arsenio,Macias,heliodoro38@example.com,1956-03-21,2025-09-23 19:21:30
1834,Marc,Portero,fhigueras@example.net,,2025-09-30 01:39:15
1106,Loida,Rebollo,agapito18@example.net,,2025-09-29 15:14:49
1916,Flavia,Benito,arnauasdrubal@example.org,1951-11-10,2025-10-10 23:34:12
1687,María Del Carmen,Quintero,jose-maria04@example.com,1957-06-26,2025-09-30 07:07:02
1861,Clarisa,Carnero,llorenterosaura@example.org,1993-12-21,2025-10-12 21:57:39
1529,Víctor,Guillén,glosa@example.com,1917-07-06,2025-09-26 04:13:12
1838,Tamara,Pont,mcastell@example.net,1972-06-04,2025-10-08 23:03:23
1087,Juliana!,Barceló,ezequielroyo@example.com,1975-01-21,2025-10-04 21:31:25
1398,Loida,Alberto,joan67@example.net,,2025-10-02 19:31:10
1461,Lino,Farré,almansahilda@example.com,1967-03-12,2025-10-03 20:26:10
1194,Dominga,Viñas,anselmasilva@example.com,2006-08-17,2025-09-25 16:32:49
1489,Anastasia,Baró,pepita67@example.org,1966-07-28,2025-09-26 15:26:09
1042,Olalla,Duarte,diazeva-maria@example.net,1961-07-03,2025-09-16 14:38:13
1662,Rufino,Sotelo,amayaborja@example.net,2009-05-06,2025-09-29 08:27:37
1868,Jose Angel,Segarra,joseangel.segarra@test.com,,2025-10-03 13:37:37
1573,Javier,Saldaña,joaquinsainz@example.net,1957-10-03,2025-10-12 09:33:43
1317,Raúl,Estévez,herminiamateo@example.net,1990-07-29,2025-10-01 02:56:06
1578,Ciriaco,Riera,amercader@example.net,1955-02-17,2025-09-16 17:12:11
1185,Irene,Vergara,geronimo09@example.com,1957-03-03,2025-09-22 21:03:47
1139,Marco,Sanmartín,baltasar44@example.org,1990-09-01,2025-10-02 20:47:59
1329,Lorenza,Andrade,nerea76@example.net,2002-06-14,2025-10-15 12:21:53
1182,Vilma,Barriga,samanta07@example.com,1960-11-20,2025-10-05 20:44:58
1673,Valero,Abella,salomeayala@example.com,1974-11-14,2025-10-08 20:21:44
1543,Nazario,Cortés,dclavero@example.org,1976-05-28,2025-10-08 22:44:00
1768,Delia,Espada,mpombo@example.net,1951-03-28,2025-10-12 09:40:03
1722,Susanita,Torres,juan-carlos29@example.net,1958-02-08,2025-09-19 04:04:57
1715,Natanael,Nicolau,alberto44@example.com,1991-05-10,2025-10-16 07:46:31
1064,Cornelio,Ruano,adrianacuenca@example.net,1955-03-06,2025-10-15 11:06:28
1447,Emilio,España,castellanoscalixto@example.org,1954-07-16,2025-10-14 22:51:36
1465,Esther,Cordero,andres90@example.org,1991-01-02,2025-10-02 10:08:49
1837,María Belén,Soria,isabel80@example.net,1969-12-09,2025-09-27 17:46:14
1828,Trini,Cantero,adan37@example.org,1976-07-06,2025-10-05 01:33:43
1619,Viviana,Pujadas,brunildacrespo@example.net,,2025-09-21 23:23:55
1667,Patricio,Rodriguez,begona11@example.net,2002-02-13,2025-10-09 09:23:31
1254,Che,Melero,esmeraldamanzano@example.org,1984-03-08,2025-09-22 21:12:23
1955,Oriana,Gonzalo,angulomarciano@example.net,2006-03-24,2025-10-08 08:56:56
1938,Fabricio,Laguna,alexandrarobledo@example.com,1976-12-05,2025-10-16 08:30:58
1082,Jenaro!,Novoa,jenaro!.novoa@prueba.es,2002-08-13,2025-10-10 17:44:41
1175,Cándido,Arregui,luis-angelvera@example.org,1999-08-23,2025-10-03 08:11:00
1130,Concha,Coll,izaguirreemiliano@example.net,1972-01-15,2025-10-15 03:46:59
1248,Gisela,Manso,palmerrosalina@example.com,1988-09-27,2025-10-07 14:59:24
1451,José Antonio,Quintero,yaizabeltran@example.net,1980-10-01,2025-09-26 18:15:28
1670,Rosendo,Lorenzo,belen94@example.com,2003-06-02,2025-09-29 15:47:16
1579,Jaime,Carbajo,jaime.carbajo@hotmail,1964-05-15,2025-09-28 03:59:01
1501,Jacinta,Abad,candelarioiniesta@example.com,1982-03-25,2025-09-29 22:02:46
1801,Hipólito,Bustamante,carlosgonzalo@example.org,2009-06-23,2025-10-03 05:31:11
1940,Herminio,Medina,mcarbo@example.net,,2025-10-09 13:11:26
1272,Mayte,Gil,icatala@example.org,1946-02-09,2025-09-30 03:56:21
1481,,Colomer,penalverapolinar@example.net,1973-02-13,2025-10-09 12:05:09
1936,Leocadio,Márquez,ncamps@example.com,1969-08-29,2025-10-07 01:09:04
1394,Aureliano,Pont,aureliano.pont@prueba.es,1945-01-03,2025-10-10 19:20:45
1990,Hector,Calatayud,teclacalzada@example.org,1973-01-04,2025-10-13 21:10:52
1840,Pío,Ayuso,santanajorge@example.com,1960-09-18,2025-09-18 04:23:28
1288,Heliodoro,Moll,xdonaire@example.org,1987-03-18,2025-09-20 21:51:44
1980,Esmeralda,Tovar,pescriva@example.org,1984-06-24,2025-09-26 07:08:54
1607,Luz,Sobrino,tpulido@example.net,1983-06-03,2025-10-13 14:28:48
1435,Jose Manuel,Catalá,elpidio79@example.net,1995-05-23,2025-10-01 23:42:17
1592,Jordán,Bru,kmena@example.net,,2025-09-18 14:48:38
1528,Milagros,Tena,milagros.tena.com,1974-08-09,2025-10-13 17:19:47
1114,Olga,Mateo,zrosell@example.org,1965-11-01,2025-09-27 15:46:47
1032,Felisa,Valdés,vicentesevilla@example.org,2018-08-16,2025-10-08 18:49:58
1885,Joaquina,Escobar,antonioalvarez@example.net,1957-12-11,2025-10-08 13:56:23
1557,Marcos,Escribano,albinauria@example.net,1915-08-06,2025-10-05 04:16:59
1237,Ángel,Romero,matilde51@example.org,1989-06-28,2025-10-13 05:45:53
1815,Anselmo,Pla,agapito51@example.org,1965-05-15,2025-10-02 20:11:32
1930,Etelvina,Sarmiento,tamaritinmaculada@example.net,1979-11-02,2025-09-19 15:12:43
1517,,Chamorro,eusebia80@example.org,,2025-10-04 23:05:47
1146,Esmeralda@,Castell,esmeralda@.castell.com,1979-07-17,2025-10-13 11:45:18
1350,Desiderio,Caballero,emilianavillalobos@example.net,1960-05-15,2025-10-14 22:24:32
1932,Mireia,Cuadrado,paula70@example.com,1953-10-29,2025-10-04 06:46:18
1689,Virgilio,Amat,marcia01@example.com,1987-08-01,2025-09-19 22:38:09
1764,Noelia,Gámez,adoracioncervera@example.org,1974-07-31,2025-09-30 02:20:54
1712,Ramón!,Cardona,heracliopalacios@example.net,1963-07-04,2025-09-17 06:41:52
1412,Felicidad,Beltran,rupertamaestre@example.org,1957-12-28,2025-10-03 14:06:27
1965,Román,Somoza,haramburu@example.org,1958-11-07,2025-10-14 17:53:46
1496,Eloísa,Arroyo,evitagabaldon@example.org,1960-06-19,2025-10-14 15:30:53
1671,Reinaldo,Andrade,eleuteriotoro@example.net,1925-05-04,2025-10-11 19:28:11
1845,María José,Burgos,ofabregas@example.com,1948-11-04,2025-09-28 16:21:18
1031,Gema,Rocamora,elisa80@example.org,1998-05-06,2025-10-01 22:16:15
1102,Felipa,Tejero,felipa.tejero@test.com,1990-09-26,2025-10-10 02:14:17
1947,Almudena,Quintanilla,almudena16@example.com,1995-05-06,2025-10-07 20:43:37
1754,Dimas,Tenorio,reigbenigno@example.com,1947-12-12,2025-09-27 14:49:28
1565,Candelario,Martín,desiderio23@example.org,1946-08-05,2025-09-29 19:32:02
1058,Jerónimo,Páez,samantaconde@example.com,1998-09-21,2025-10-11 12:49:01
1477,Godofredo,Rosselló,wbermudez@example.com,1956-11-29,2025-10-09 02:00:17
1994,Pastor,Riba,fatima72@example.org,1961-05-12,2025-10-16 10:08:56
1603,Hermenegildo,Ledesma,andresalbert@example.net,2026-04-07,2025-10-10 15:40:38
1179,Benito,Terrón,socorro70@example.com,1946-08-02,2025-10-11 15:34:04
1090,Ismael,Cabello,zvazquez@example.org,1978-12-19,2025-09-28 00:13:55
1004,Tito123,Bárcena,llanossebastian@example.net,1982-09-02,2025-10-10 04:59:46
1314,Celso,Sánchez,evangelina45@example.org,1954-01-28,2025-09-17 16:07:55
1641,Marc,Pineda,marc.pineda@test.com,1995-03-31,2025-10-14 07:55:06
1690,Cirino,Baeza,leandroalegria@example.org,1971-07-23,2025-10-14 15:14:21
1736,Marcelo,Naranjo,adalbertooliva@example.net,1955-02-11,2025-09-30 22:14:08
1476,Pancho,Salom,florinda72@example.net,1964-12-11,2025-10-05 03:49:42
1601,Tatiana,Mateos,umata@example.net,1990-05-22,2025-10-14 05:16:37
1050,Ernesto,Palomino,zorrillanoe@example.com,1958-07-09,2025-09-20 13:42:53
1483,Zaira,Capdevila,jose-luis78@example.net,,2025-10-15 09:42:56
1426,Mauricio,Torre,sara61@example.net,1945-05-16,2025-09-20 16:39:43
1645,Cebrián,Barrera,calcolea@example.com,1959-01-26,2025-10-08 15:57:07
1943,Humberto,Gomila,gerardolluch@example.com,1995-11-28,2025-10-04 06:39:00
1999,Roldán,Vega,piquerreinaldo@example.net,1982-02-22,2025-10-13 02:42:58
1608,Basilio,Cardona,zaidacastells@example.org,1979-10-21,2025-09-29 07:56:57
1252,Juan,Pereira,omar48@example.com,1948-08-20,2025-10-01 15:57:22
1469,Tristán??,Jaume,tristan??.jaume.com,1998-02-09,2025-09-28 08:50:26
1986,Román,Nevado,jose-angel56@example.org,,2025-10-12 22:54:40
1362,Gonzalo,Cabeza,gonzalo.cabeza@hotmail,1954-12-12,2025-09-30 12:52:35
1755,Reynaldo,Machado,baltasar17@example.com,1926-04-30,2025-09-30 20:56:16
1675,Begoña,Llorens,casandrasoler@example.com,1974-06-12,2025-09-23 21:25:19
1236,Amada,Pintor,crescenciarios@example.com,1948-05-14,2025-10-10 19:25:40
1468,Susanita123,Lucas,usamper@example.org,1993-06-20,2025-09-28 18:21:30
1942,Antonia,Mancebo,soleadora@example.org,1997-12-24,2025-10-04 04:58:31
1062,Fermín,Valle,qtormo@example.org,1953-05-27,2025-10-07 18:09:22
1740,Eli,Barros,earevalo@example.org,,2025-10-03 02:18:23
1926,Maite,Martinez,qbermudez@example.org,1915-09-25,2025-10-15 19:47:35
1623,Jenaro,Sobrino,amanda13@example.org,1960-04-28,2025-09-21 09:18:06
1798,Rolando,Milla,salombibiana@example.org,2006-05-06,2025-09-28 00:40:30
1340,Macaria,Gonzalez,juan-bautista01@example.org,2008-03-06,2025-09-24 01:56:04
1093,Timoteo,Cervera,cneira@example.net,1983-03-10,2025-09-29 01:17:15
1812,Nico,Tomé,querojuan-antonio@example.org,1987-12-03,2025-09-25 11:48:13
1614,Áurea,Perea,cloemas@example.com,1994-01-13,2025-10-05 04:22:19
1707,Leonor,Múgica,sosamaricela@example.net,1963-05-04,2025-10-05 02:47:22
1735,Gloria,Araujo,amorespia@example.org,1981-12-13,2025-09-30 16:23:45
1038,Ruperto,Heras,candidagoicoechea@example.net,1999-10-19,2025-09-24 08:07:57
1428,Fabricio,Pozuelo,tito41@example.org,,2025-10-07 23:03:34
1751,Albano,Cuevas,albano.cuevas@none.io,1957-01-24,2025-10-02 03:41:10
1584,Jose Angel,Pujol,gmaldonado@example.net,1991-08-20,2025-10-15 08:30:45
1718,Salud,Camacho,gloriaalcaraz@example.net,2019-07-27,2025-09-17 01:47:39
1762,Fabiola,Sanz,tdominguez@example.org,1979-11-28,2025-10-13 04:12:16
1767,Rosaura,Salcedo,javierasalvador@example.org,1993-12-23,2025-09-26 15:22:55
1245,Adela,Font,adela.font@na.org,1964-11-04,2025-09-26 12:52:56
1820,Arsenio,Benavides,leivaencarnacion@example.com,1978-01-24,2025-09-26 06:03:40
1806,a,Gelabert,lucia00@example.net,2002-03-25,2025-10-11 14:36:11
1531,Antonio,Saez,milagros45@example.org,1977-08-01,2025-09-21 23:45:30
1523,Valero,Cuervo,manjonpaula@example.org,1975-03-10,2025-09-26 07:20:30
1357,Priscila,Herrero,villaverdearsenio@example.com,1975-12-12,2025-09-25 16:39:29
1404,Miguela,Egea,currollamas@example.net,2009-05-08,2025-09-23 12:14:08
1537,Horacio,Múñiz,alejandra09@example.org,1986-12-25,2025-09-26 16:46:37
1891,Vito!,Bárcena,vito!.barcenagmail.com,1951-04-24,2025-09-29 23:14:51
1850,Nieves,Paz,prudencia38@example.com,1945-07-30,2025-09-21 22:55:25
1007,Sara@,Toledo,qprada@example.com,1961-10-09,2025-09-22 05:45:34
1881,Gregorio123,Portero,monteroluis@example.com,2007-05-14,2025-09-22 08:33:17
1053,Rosaura,Ribes,valenzuelaevita@example.org,1998-12-03,2025-10-01 09:32:48
1633,Virgilio,Palomino,bcarbonell@example.org,,2025-09-29 00:59:40
1530,Gisela,Villalba,martinfausto@example.net,,2025-09-29 00:44:37
1325,Amor,Medina,amor.medina@none.io,2006-01-26,2025-10-02 11:29:48
1878,Mireia,Ballesteros,jose-antonio05@example.net,1990-08-23,2025-09-21 08:20:20
1949,Imelda,Salazar,renata28@example.net,1994-12-19,2025-10-12 05:07:49
1242,Ascensión,Bermúdez,aureliocabrero@example.net,1996-04-23,2025-09-25 15:18:49
1045,Lucas,Rivas,dchico@example.net,1983-11-28,2025-09-19 20:20:39
1716,Chuy,Macias,angelescarreno@example.org,2018-01-07,2025-09-29 04:46:52
1983,María Jesús,Gallart,qvilalta@example.com,1981-06-29,2025-10-16 16:52:11
1207,Emiliana,Aguiló,diborra@example.net,1999-05-23,2025-10-08 21:38:19
1438,Trini,Giner,trini.giner@hotmail,1984-07-20,2025-09-29 20:04:54
1054,Juanita,Blázquez,salcedoclemente@example.org,1946-08-26,2025-09-29 09:19:18
1746,Ruy!,Ros,celestinaartigas@example.org,1980-10-09,2025-09-19 11:21:15
1961,Loreto,Giner,valencianoramona@example.net,1961-01-28,2025-09-20 05:00:50
1455,Heliodoro,Romeu,coelloamalia@example.org,1971-06-28,2025-10-02 11:36:35
1113,Imelda,Valverde,imelda.valverde@none.io,1986-08-04,2025-09-20 18:49:02
1794,Eli,Guzman,dario60@example.org,2006-04-15,2025-09-16 21:50:30
1511,Santiago,Blanco,solecesar@example.com,2026-02-02,2025-10-08 06:14:46
1423,Alma,Benet,vrivera@example.net,1963-08-08,2025-09-26 11:27:42
1295,Plinio,Calvo,jose-miguelcollado@example.net,1961-05-14,2025-10-06 11:06:52
1544,Benigno,Ibarra,bbonet@example.com,2009-04-14,2025-09-19 18:24:40
1147,Ruperta,Pla,ruperta.pla@hotmail,2000-03-17,2025-09-28 05:54:36
1839,Plinio,Torrecilla,snoguera@example.org,,2025-09-30 10:52:53
1677,Sofía,Arranz,mcobos@example.com,2008-01-30,2025-10-08 23:48:16
1153,Mohamed,Folch,graciana42@example.net,2002-08-28,2025-09-29 02:58:11
1069,Marisela,Gomis,concepcioncepeda@example.com,2017-08-07,2025-10-11 19:36:52
1105,Luis Miguel,Ledesma,esthercifuentes@example.net,2000-03-25,2025-10-03 17:37:56
1971,María Carmen,Puga,amaromontserrat@example.com,2003-12-11,2025-10-13 14:56:11
1262,Marcelo,Lara,candelasalinas@example.net,1951-01-20,2025-09-19 02:57:46
1893,Emiliana,Coll,emiliana.coll@none.io,2004-08-13,2025-10-03 05:24:35
1663,Mario,Esparza,renatobarrena@example.org,,2025-09-25 11:04:03
1332,Virginia,Busquets,maria-teresa67@example.net,1978-04-16,2025-10-15 20:26:26
1987,Ainara,Alemany,perlita40@example.org,1993-07-21,2025-10-09 14:03:10
1312,León??,Ariño,carbajoaureliano@example.org,1970-08-31,2025-09-30 18:17:00
1415,Luna,Conesa,gustavoplanas@example.com,2009-05-21,2025-10-10 14:41:41
1305,Imelda,Ibañez,herminio94@example.com,1959-07-17,2025-09-30 14:53:05
1749,César,Benavides,hborrell@example.com,1985-06-24,2025-10-02 10:02:02
1500,Augusto,Camps,desideriopozuelo@example.org,1952-03-19,2025-10-10 23:03:42
1572,Joel,Cuadrado,enriquezleonel@example.com,1957-05-02,2025-09-22 16:59:33
1704,Natalia,Roldan,lsamper@example.org,1960-06-27,2025-10-09 20:19:32
1400,Teófilo,Vargas,wpavon@example.com,1957-06-20,2025-10-08 08:27:02
1197,Liliana,Mariscal,cristobal06@example.net,,2025-10-01 14:47:49
1851,Simón,Castelló,guijarroruben@example.org,1993-06-06,2025-10-02 07:16:24
1208,Isaac,Vidal,miguel-angelespejo@example.net,2018-04-22,2025-09-26 21:14:49
1121,Remedios,Piña,marcelino23@example.net,2002-01-01,2025-10-14 22:20:46
1103,Gervasio,Valdés,rocioochoa@example.net,,2025-09-27 14:17:39
1904,Isidora,Burgos,sosimovillalonga@example.net,1988-03-23,2025-10-09 19:54:07
1913,Verónica,Pedro,octavio25@example.net,2000-05-31,2025-10-01 02:24:37
1383,Nereida,Uría,camilacordoba@example.org,1972-05-23,2025-10-04 22:12:41
1142,Máxima,Santana,luchoenriquez@example.net,1950-11-04,2025-10-06 15:01:47
1421,Ildefonso,Bosch,glauco81@example.com,,2025-10-06 13:30:36
1232,Serafina,Fiol,iris46@example.org,,2025-09-28 21:02:08
1341,Isidoro,Ferrero,maria-cristina79@example.org,1959-09-06,2025-09-24 11:19:24
1636,Isaac,Medina,jsegarra@example.com,1986-03-03,2025-10-01 05:17:34
1771,Úrsula,Cantero,maura87@example.org,1944-12-13,2025-09-26 03:30:34
1509,Armida!,Roldán,alexjimenez@example.net,1961-07-12,2025-09-22 19:19:06
1335,Adora,Manrique,amarilis55@example.com,1995-11-19,2025-09-16 18:27:10
1894,Áurea,Vizcaíno,qalcala@example.net,1977-07-24,2025-10-04 07:04:22
1003,María Fernanda,Castrillo,jonatanripoll@example.net,1971-12-16,2025-09-25 12:48:08
1781,a,Arellano,smateo@example.com,1972-12-29,2025-10-09 15:52:48
1811,a,Tapia,mesaeufemia@example.org,2008-12-08,2025-09-23 12:03:10
1963,José,Merino,qazorin@example.net,1914-11-22,2025-10-04 02:28:59
1336,Alberto,Clemente,guiomar58@example.org,1991-02-01,2025-10-16 10:53:03
1632,Telmo,Río,jimenezmarcial@example.org,1964-02-27,2025-09-18 11:32:45
1160,Íñigo,Company,lcarrasco@example.com,1958-07-20,2025-10-02 04:53:43
1393,Remedios,Sanmiguel,angelortuno@example.net,1982-12-29,2025-09-16 19:18:28
1023,Salomón,Linares,arnauvictorino@example.com,1994-03-28,2025-09-26 19:14:38
1863,Nilo,Ávila,jose-antonio85@example.org,1994-12-17,2025-09-17 09:34:37
1057,Ciro,Barberá,dagudo@example.org,1955-04-10,2025-10-02 11:41:47
1014,Ramona,Farré,herbertoquerol@example.org,1983-06-13,2025-09-19 14:05:07
1681,Severo,Linares,harranz@example.com,1985-01-10,2025-10-05 21:42:00
1301,Samuel,Lara,victoria35@example.org,1988-04-01,2025-09-19 19:09:17
1790,Rosario,Sosa,jaureguipatricia@example.net,1964-11-19,2025-09-17 18:43:09
1807,Juan Carlos,Higueras,juancarlos.higueras@prueba.es,2009-04-08,2025-10-15 04:04:19
1624,Paulino,Cueto,zaranda@example.com,,2025-09-19 08:35:27
1741,Rosario,Cañas,azenethricart@example.net,2017-05-21,2025-10-01 02:38:58
1563,Nieves!,Grande,nieves!.grande@prueba.es,2015-12-29,2025-09-28 10:30:16
1504,Noemí,Clavero,narcisaelias@example.org,1977-05-20,2025-10-12 05:47:55
1896,Nerea,Pujol,nerea.pujol.com,1948-01-21,2025-09-20 10:42:18
1905,Macaria,Leal,salomoncases@example.net,1952-08-09,2025-10-03 14:27:22
1322,Toni,Vilar,mirandatamara@example.net,1966-06-15,2025-10-13 13:58:10
1995,Pedro,Palacios,arcossosimo@example.net,1975-04-05,2025-10-16 14:53:45
1730,Alejo,Cabezas,marisolcalderon@example.org,1980-09-02,2025-10-13 10:19:14
1108,Clara,Sola,vagudo@example.net,,2025-09-21 17:38:38
1241,Soledad,Lluch,lazaro88@example.org,1987-01-20,2025-09-29 22:52:35
1205,Osvaldo,Planas,javierarueda@example.com,1994-09-01,2025-09-16 20:20:04
1263,Amancio,Batalla,ezequiel73@example.com,1947-08-14,2025-10-04 15:04:58
1725,Nicodemo,Frutos,nicodemo.frutos.com,1973-12-13,2025-09-28 08:06:20
1460,Felipa,Aramburu,apolinar60@example.org,,2025-09-29 07:29:46
1717,Marianela,Lloret,ines52@example.org,1999-11-02,2025-10-03 16:57:26
1674,Estefanía,Real,molinerpili@example.net,1948-06-23,2025-10-13 20:00:23
1155,Joaquina,Folch,visitacion94@example.com,1960-04-01,2025-09-21 01:24:07
1418,Lina,Ibáñez,pastorcustodia@example.com,1983-11-04,2025-09-22 14:17:37
1991,Salomón,Montenegro,roqueotero@example.com,,2025-09-17 07:19:08
1022,Ale!,Carro,bonifacioexposito@example.com,1979-07-13,2025-10-15 09:37:20
1396,Modesta,Gallego,leonvaleria@example.com,1980-08-08,2025-09-16 22:28:14
1506,Pío,Carreño,pio.carreno@test.com,2004-03-19,2025-09-22 15:39:15
1979,Silvio,Barba,maxi28@example.net,1980-03-03,2025-09-16 09:21:35
1275,Sabina,Montoya,jenaro22@example.net,1972-12-12,2025-09-25 13:51:01
1040,Sabina??,Vaquero,etena@example.org,1981-01-10,2025-10-13 19:25:37
1647,Prudencio,Alegre,gironacristina@example.com,1983-11-17,2025-10-09 12:44:47
1577,Federico,Sureda,wmenendez@example.com,1948-04-07,2025-10-14 21:02:29
1127,Florentina,Guzmán,florentina.guzman.com,,2025-10-16 15:44:25
1043,Emigdio,Ibañez,humberto74@example.org,1974-02-17,2025-09-30 04:10:32
1202,Francisco Jose,Balaguer,cabanasgala@example.org,1975-03-16,2025-10-14 10:29:27
1251,Sarita,Donoso,tbertran@example.org,1958-06-09,2025-10-12 21:43:26
1597,Charo,Higueras,charo.higueras@na.org,1952-12-15,2025-09-29 09:38:59
1710,a,Román,ismael29@example.org,1956-08-14,2025-09-19 14:26:44
1580,Concha,Torrens,jose-marivalenciano@example.com,1953-04-18,2025-09-24 06:49:52
1293,Ariel,Iniesta,jleon@example.com,,2025-09-27 16:10:14
1793,Adán,Zabala,adan.zabala@none.io,1985-06-30,2025-10-13 23:03:52
1860,José Ángel,Moreno,roqueyuste@example.com,1968-05-14,2025-09-20 12:00:38
1048,Noé,Riba,omontenegro@example.net,1984-10-10,2025-10-03 06:56:39
1463,Matías,Requena,sergio59@example.org,1952-01-30,2025-10-04 14:06:56
1541,Onofre,Perera,molllorenza@example.com,,2025-09-23 15:07:21
1247,Blanca,Pereira,barcenacruz@example.org,1971-04-24,2025-10-14 13:49:37
1389,Victorino,Mendoza,brunerea@example.com,2002-07-06,2025-09-22 05:35:58
1444,Eva María,Alcalá,botellamacarena@example.org,,2025-10-05 15:02:50
1613,Lara,Estévez,armando12@example.org,1950-06-26,2025-10-10 15:05:49
1098,Eusebia,Benitez,baquerojose-angel@example.com,1997-10-28,2025-09-27 15:39:26
1855,Abril,Goicoechea,ovalles@example.com,1986-11-15,2025-10-05 18:52:41
1678,Manolo,Rebollo,palomacabello@example.org,1967-02-24,2025-09-23 21:34:23
1265,Ibán,Frutos,lasaoriana@example.com,,2025-10-13 07:20:02
1542,Fátima,Vilanova,pacosta@example.com,1987-05-09,2025-10-07 19:15:00
1660,Palmira,Oliver,gilabertdora@example.com,1984-11-30,2025-10-16 12:17:13
1570,Emilia,Ferrández,chepedro@example.net,1977-05-06,2025-09-24 10:26:27
1495,Victor Manuel,Villar,roldanhilda@example.com,1991-01-24,2025-09-19 04:01:39
1655,Georgina!,Planas,calzadanazaret@example.net,2026-03-30,2025-10-13 13:10:48
1430,Tomasa,Nuñez,zairaocana@example.com,1994-03-02,2025-09-20 04:51:32
1010,Gaspar,Madrigal,amalia90@example.net,1995-10-20,2025-09-23 11:20:47
1652,Bernabé,Andrade,sabasfuster@example.org,2026-08-04,2025-09-24 13:25:53
1747,Amancio,Gutiérrez,tapiasancho@example.org,1961-09-13,2025-10-13 05:50:45
1651,Genoveva,Coca,raulsaez@example.net,1991-09-27,2025-10-07 21:18:23
1036,Rosa María,Samper,danilomuniz@example.org,1951-10-11,2025-09-30 02:20:53
1825,Florinda,Castañeda,ntolosa@example.com,1999-11-30,2025-09-17 23:24:34
1897,Macarena,Abella,macarena.abella@prueba.es,2002-10-12,2025-09-24 20:31:48
1193,Anacleto,Verdejo,kcabanas@example.com,1992-01-26,2025-10-13 07:35:58
1864,Daniela,Marí,hquesada@example.org,2008-12-05,2025-09-27 16:48:35
1388,Jorge,Torrents,tito98@example.org,1947-04-02,2025-10-14 19:27:18
1309,Rodrigo,Tomé,yfernandez@example.net,1988-12-02,2025-09-27 18:20:43
1779,Jaime,Menéndez,lbaron@example.org,1946-03-06,2025-10-10 23:45:55
1009,Jose Ramón,Valcárcel,asensiocintia@example.net,2018-07-02,2025-10-05 17:02:18
1323,c,Sanmartín,camaragerman@example.net,1993-06-17,2025-10-14 12:45:21
1564,María Dolores,Palomo,quintanarafaela@example.com,1993-09-28,2025-10-05 20:01:38
1204,Amparo,Flores,sblanes@example.org,1990-06-10,2025-10-14 11:30:52
1967,Miriam,Frutos,jordan38@example.org,1957-01-06,2025-09-28 07:41:12
1925,Cecilia??,Ocaña,leandra13@example.org,1958-12-07,2025-09-30 19:08:35
1403,Ruth,Vallejo,hmir@example.net,1975-01-23,2025-09-29 07:49:09
1920,Curro!,Osuna,ribasblanca@example.com,2014-11-28,2025-09-28 23:18:08
1299,Gilberto,Soria,rivasberta@example.net,1964-07-18,2025-09-28 17:26:16
1446,Sosimo,Fuente,cfranco@example.net,1972-07-25,2025-10-09 06:24:32
1726,a,Armas,segarrarodrigo@example.com,2001-10-07,2025-09-29 08:41:10
1497,Flavia,Silva,flavia.silva@na.org,1967-02-07,2025-09-21 23:52:37
1808,Paco,Olmedo,lastraalbina@example.net,1946-05-12,2025-09-28 18:06:46
1966,Francisco Javier123,Ribes,opino@example.net,1961-06-20,2025-09-22 06:51:28
1921,Valero,Uría,fortunatacastells@example.com,1959-08-23,2025-09-27 23:14:02
1448,Ligia,Páez,lourdespena@example.org,2001-08-25,2025-09-19 14:33:27
1152,Adrián,Mateo,arceliacasals@example.org,2026-07-01,2025-10-09 08:01:49
1889,Concha,Girona,amorpenas@example.org,1953-10-29,2025-10-06 17:03:19
1296,Elías,Capdevila,wpatino@example.org,,2025-10-02 01:32:12
1752,Martín,Pinedo,lupita30@example.org,1992-10-29,2025-09-24 22:50:28
1475,Apolonia,Alegre,vcobos@example.net,1975-04-06,2025-10-06 03:13:50
1319,Ariel,Franch,saezfelipe@example.org,,2025-09-30 05:37:47
1073,Domingo,Gomis,domingo.gomisgmail.com,1983-07-28,2025-09-20 21:34:02
1686,Ciríaco,Camino,paola65@example.org,1953-02-01,2025-09-18 20:45:14
1280,Danilo,Villalobos,walterlamas@example.com,1950-02-21,2025-09-28 03:13:58
1761,Verónica,Sainz,nieves56@example.org,1987-01-11,2025-10-11 16:43:02
1259,Duilio,Valenzuela,nadalvidal@example.com,1950-06-18,2025-09-27 23:53:58
1049,Lidia123,Díaz,lidia123.diaz@spam.net,1967-06-24,2025-09-29 17:24:41
1996,Febe,Molina,ordoneznieves@example.com,2005-07-17,2025-10-11 01:26:00
1210,Anselmo,Pont,anselmo.pont@spam.net,1999-09-07,2025-10-11 03:59:21
1559,José Ángel,Angulo,zapatanacio@example.org,1960-04-07,2025-09-27 22:47:41
1028,Adriana,Suarez,adriana.suarez@hotmail,1927-08-26,2025-10-16 02:40:10
1637,Juan Antonio,Sáenz,eloygonzalo@example.org,1987-12-02,2025-09-21 23:10:43
1978,Valeria,Cal,paulina91@example.com,1962-01-20,2025-09-25 15:19:05
1743,Graciela,Fernández,mpaez@example.org,1955-05-26,2025-09-20 16:38:37
1912,Jonatan,Zamora,jonatan.zamora@test.com,1981-09-07,2025-09-20 09:39:58
1922,Felicidad,Jordán,ybermudez@example.com,1968-06-22,2025-10-06 21:31:05
1300,Candelario,Jove,candelacabello@example.com,1956-11-08,2025-09-30 03:14:06
1384,Dorita,Peralta,kalcantara@example.net,2000-09-19,2025-09-24 18:48:50
1499,Matías,Cervera,hpedraza@example.org,1996-11-30,2025-09-19 09:19:59
1344,Edelmira,Quintero,atilio65@example.net,2008-11-27,2025-09-20 23:51:27
1571,Gerónimo,Pinilla,kcabrera@example.org,1994-03-31,2025-09-17 23:54:22
1220,Loida,Mateo,pachecobaldomero@example.org,,2025-09-28 23:24:30
1591,Benjamín,Saura,luisamoran@example.com,1974-11-11,2025-10-02 10:02:14
1902,Toni,Ripoll,alba63@example.net,1957-10-28,2025-10-10 12:12:04
1282,Teresa,Blasco,ainoa36@example.org,1969-02-07,2025-09-29 02:37:06
1347,Juan Pablo,Cobos,cortinapepito@example.org,,2025-10-10 03:08:31
1785,Maristela,Prada,greal@example.net,,2025-10-09 21:40:26
1818,Matilde,Ruiz,adelinamiguel@example.net,,2025-09-23 21:03:40
1427,Isaura,Fuentes,amor96@example.net,1955-04-08,2025-10-10 11:49:56
1664,Cecilia,Franco,jovesamu@example.org,1989-12-23,2025-09-19 11:28:47
1379,Moisés!,Fábregas,riquelmecelso@example.com,1947-04-18,2025-09-18 02:21:07
1503,Estefanía,Baró,efeijoo@example.com,1969-06-02,2025-10-08 06:43:10
1596,Fanny,Cid,odiaz@example.com,1995-12-21,2025-10-02 04:13:28
1390,Jeremías,Gárate,emorcillo@example.org,1969-02-18,2025-09-20 09:11:41
1395,Maximino,Sedano,maldonadoroldan@example.net,1948-05-18,2025-09-25 18:45:18
1327,Martina,Corbacho,docana@example.org,,2025-09-17 09:34:21
1115,,Robles,coronanavarro@example.org,1966-03-22,2025-09-19 07:25:11
1550,Rufino,Jimenez,uvicens@example.net,1986-10-20,2025-09-16 23:57:13
1525,Irma,Alfaro,alberto15@example.net,,2025-10-03 04:15:54
1365,Jordi123,Garmendia,xgarcia@example.com,1984-07-04,2025-10-09 01:47:00
1368,Jacinto,Roig,ricardo08@example.net,2002-04-12,2025-09-26 09:22:50
1413,Haydée,Palmer,aguadosalvador@example.net,1980-04-19,2025-09-23 10:13:04
1334,Nerea,Porcel,nerea.porcel@spam.net,2005-12-21,2025-09-18 19:50:24
1582,Marco,Pedrero,soleraadelaida@example.org,1926-07-04,2025-09-18 18:48:56
1453,Guiomar,Márquez,marianacarro@example.org,1945-12-27,2025-10-16 06:18:38
1884,Moisés,Borja,nicoduenas@example.org,1966-08-09,2025-10-13 05:50:30
1266,Renata,Osuna,moises88@example.net,1946-12-09,2025-09-17 04:08:56
1195,Daniel,Larrea,gimenodemetrio@example.org,1949-12-21,2025-09-27 06:39:09
1784,Isaura,Cabrero,virginiadavila@example.org,1959-12-31,2025-09-20 04:54:24
1369,Dominga,Sedano,nmayoral@example.com,1982-03-12,2025-09-23 12:00:48
1100,Jerónimo,Hierro,juansotelo@example.com,2001-07-08,2025-09-21 02:32:44
1019,Aurora,Uribe,fmora@example.com,1962-08-26,2025-09-27 21:32:31
1311,Renata,Heredia,azaharasierra@example.net,1996-05-31,2025-10-07 14:24:03
1084,Evelia,Vizcaíno,morcillocorona@example.net,1959-10-06,2025-09-21 03:19:56
1745,Gloria,Agudo,glozano@example.net,1994-04-09,2025-09-22 13:59:14
1348,Jose Antonio,Arnaiz,qpoza@example.net,2008-09-19,2025-10-16 12:38:29
1773,Alejo,Pérez,qfalco@example.org,1956-07-12,2025-10-04 08:53:33
1174,Yésica,Porcel,yesica.porcel@na.org,1966-12-07,2025-09-20 03:00:25
1656,Camila,Chacón,igalvez@example.com,1988-03-04,2025-10-11 07:58:53
1519,Jose Luis,Carranza,sebastian15@example.net,2007-02-24,2025-10-02 23:50:31
1076,Aura,Cruz,aranzazu65@example.com,2006-03-24,2025-09-30 02:44:54
1352,Marina,Clavero,tenaitziar@example.org,1983-12-02,2025-10-07 19:52:58
1378,Remigio,Lobato,wverdejo@example.org,,2025-10-10 13:55:29
1778,Lola,Amores,pedreroale@example.net,1953-01-22,2025-09-27 13:49:24
1374,Alejo,Luque,alejo.luque.com,1967-06-06,2025-10-03 20:38:10
1480,Maricela,Sánchez,eufemia40@example.net,2008-07-08,2025-10-04 04:39:51
1055,Cloe,Valencia,jordanairiarte@example.net,2007-02-23,2025-09-25 06:21:34
1339,Concepción,Giralt,titocoloma@example.org,1955-10-09,2025-10-15 16:41:32
1964,Leocadio,Fuente,anastasioboada@example.com,2003-12-29,2025-09-26 15:41:20
1567,Adora,Albero,eloy47@example.com,2006-02-11,2025-10-03 04:55:20
1486,Sara,Niño,sara.nino@test.com,,2025-10-14 16:20:55
1852,Cristina,Rosselló,maximilianozabala@example.net,2007-12-06,2025-09-17 06:57:11
1345,Artemio,Nuñez,selena49@example.org,,2025-10-04 04:40:59
1307,Wilfredo,Lluch,jdalmau@example.org,1970-01-07,2025-10-11 06:53:28
1157,Jose Luis,Robledo,zarcos@example.net,1962-03-23,2025-09-24 23:27:10
1680,Tecla,Millán,carpiodimas@example.com,1924-04-16,2025-09-16 20:41:40
1493,Irene,Varela,marciobenet@example.org,1956-04-23,2025-09-16 21:00:48
1176,Rosenda123,Peralta,lrodenas@example.org,1963-09-13,2025-10-10 20:04:50
1148,Carmen,Rodrigo,rllano@example.net,,2025-09-16 20:17:38
1832,Julián,Peralta,jplana@example.org,1979-08-05,2025-10-08 11:20:08
1186,Ainoa,Valle,ccabo@example.org,1988-12-29,2025-10-05 21:24:08
1276,Maximino,Gallo,estevezpaulino@example.com,1972-10-13,2025-09-19 00:38:56
1728,Flora,Villalba,ariel43@example.org,1955-03-18,2025-10-12 22:21:12
1648,Clara,Beltran,npellicer@example.com,1969-08-14,2025-09-17 14:16:35
1849,Adora,Ibáñez,carrenonazario@example.com,1952-04-01,2025-10-10 01:43:18
1610,Juan Pablo,Antúnez,ocuadrado@example.com,1976-08-17,2025-09-24 07:02:42
1143,Celso,Tolosa,ksegura@example.net,1970-01-06,2025-09-29 14:34:54
1586,María Belén,Fuster,casandra05@example.org,2005-03-21,2025-09-16 18:04:52
1177,Juan José,Adadia,rosellobrunilda@example.net,1968-10-12,2025-10-09 23:41:42
1456,Magdalena,Almagro,festeve@example.com,,2025-09-28 13:18:07
1484,María Belén,Sanchez,mariabelen.sanchez@hotmail,1994-08-16,2025-10-01 23:08:46
1628,Xavier,Salgado,carpioanastasio@example.com,1916-02-22,2025-09-28 15:21:11
1609,Sandalio,Garcés,yolivera@example.net,1970-05-04,2025-10-14 12:10:06
1615,Sol,Crespi,galanleocadio@example.com,2001-08-27,2025-10-14 14:51:50
1169,Florina,Gimeno,cosme73@example.com,1946-03-11,2025-09-17 04:24:46
1187,Curro,Guzmán,sebastian83@example.org,1984-12-11,2025-09-28 03:33:06
1244,Benito,Rueda,benito.rueda@spam.net,1945-07-04,2025-10-11 16:22:00
1440,Inmaculada,Cañellas,mirseve@example.net,1996-04-22,2025-09-26 08:00:37
1950,Esther,Marin,angel64@example.net,1946-09-24,2025-10-09 08:26:31
1513,Georgina,Alberola,loboruy@example.net,1998-04-16,2025-09-21 06:28:21
1118,Pastor,Puga,tejerasosimo@example.org,1917-01-14,2025-10-06 10:22:56
1020,Andrea!,Alvarado,requenairma@example.net,1915-11-25,2025-10-01 16:05:18
1213,Dora,Duran,candidasureda@example.org,1962-08-01,2025-10-01 16:08:58
1406,Andrés Felipe,Lluch,juanitaalmeida@example.net,1988-03-18,2025-09-27 08:49:05
1521,Amor,Chaves,vitobayona@example.net,1982-11-04,2025-09-22 17:39:43
1271,b,Melero,luzchacon@example.com,2019-04-29,2025-10-03 05:43:36
1653,José Antonio,Escobar,hernandogibert@example.org,1982-04-06,2025-10-12 21:49:54
1890,Brunilda,Valle,samantamarino@example.com,1997-01-07,2025-10-02 10:40:58
1215,Rafaela,Carretero,jose-manuelcobo@example.net,2007-07-12,2025-10-11 11:50:57
1906,Francisca,Carreras,carolina60@example.org,2005-04-28,2025-10-14 14:04:23
1270,José Ángel,Tapia,baronmodesta@example.org,2009-06-05,2025-10-07 09:01:35
1163,Aitana,Ballesteros,ytaboada@example.net,2009-01-28,2025-09-23 21:24:28
1136,Imelda,Osuna,mendozapriscila@example.com,2003-01-22,2025-09-30 21:19:42
1382,Dolores,Gomis,sigfrido77@example.net,1951-07-06,2025-09-18 06:06:46
1895,Merche,Carbajo,quirosconcha@example.org,1976-06-24,2025-09-26 06:26:42
1699,Adelardo,Montaña,tsanmiguel@example.org,1949-09-22,2025-10-08 05:57:45
1150,Aureliano,Anguita,garciaclarisa@example.org,1958-09-18,2025-10-09 09:22:06
1144,Ana Belén,Portillo,cruzjuliana@example.org,1982-04-23,2025-09-18 05:40:45
1892,Leticia,Barco,aureliomonreal@example.com,1952-02-02,2025-10-10 23:14:28
1008,Jose Ignacio,Ferrando,chernando@example.com,2008-09-09,2025-10-03 06:27:49
1184,Teobaldo,Revilla,cecilia54@example.net,1995-06-09,2025-10-11 08:08:57
1346,Juan Carlos,Ayllón,camilobastida@example.com,,2025-09-24 18:24:27
1658,Conrado,Montserrat,valentina88@example.org,1995-01-18,2025-10-01 13:30:49
1734,Juanito,Tamayo,klosada@example.com,1923-02-05,2025-09-24 17:50:19
1665,Nicanor,Marcos,benitojacinta@example.net,1983-02-25,2025-10-01 08:55:02
1626,Cirino,Real,salvadelfina@example.org,1962-06-08,2025-09-25 15:28:00
1355,Aurora,Girón,ejuarez@example.net,1926-10-29,2025-10-13 18:10:23
1602,Sosimo,Ojeda,quinteroeva-maria@example.com,2000-03-03,2025-09-24 15:09:11
1638,Eugenio,Cañete,jose-francisconunez@example.net,1947-10-22,2025-10-10 00:15:13
1836,Adán,Bou,caneteconcha@example.net,1968-12-16,2025-10-02 03:39:07
1502,Azahara,Ureña,matasnestor@example.com,1955-09-19,2025-09-16 19:47:55
1857,Anselma,Bonet,armidalinares@example.com,1962-07-02,2025-09-30 19:13:06
1954,Desiderio,Armas,kpelaez@example.net,1971-06-09,2025-10-04 15:37:50
1434,Pascual,Rius,antoniomatas@example.com,2009-09-24,2025-10-05 05:23:00
1256,Celestino,Sainz,alcantarachita@example.com,,2025-09-29 18:28:03
1822,Jeremías,Castellanos,yaraujo@example.com,1982-08-11,2025-09-24 03:51:24
1783,Modesta,Estévez,menendezamando@example.org,1954-02-10,2025-10-07 04:24:07
1882,Alfonso,Narváez,amancio01@example.com,1983-09-13,2025-10-05 17:48:13
1551,Fausto,Alvarez,epujol@example.net,2000-06-29,2025-09-30 15:06:25
1140,Fortunata,Bayón,rgil@example.net,1955-08-11,2025-10-14 06:22:53
1391,Victorino,Botella,victorino.botella@test.com,1963-12-10,2025-10-04 16:59:15
1066,Heliodoro,Abellán,andresaranda@example.net,1996-12-31,2025-09-29 21:28:27
1473,Macaria,Girona,feliciana20@example.net,2026-04-11,2025-10-08 17:49:07
1141,Diego,Plana,lolaverdugo@example.net,1961-09-05,2025-10-13 04:05:04
1409,Santos,Benavent,gracianamoya@example.com,1967-11-24,2025-10-04 02:49:23
1219,Consuela,Lloret,priegoesther@example.org,,2025-09-16 18:45:28
1267,Cosme,Navas,evalenzuela@example.net,2007-07-13,2025-10-14 11:14:46
1605,Carmelo!,Cueto,fabiana53@example.com,1926-09-22,2025-09-25 02:44:18
1908,Emigdio,Anaya,leonelvelez@example.com,1981-04-21,2025-10-12 16:04:35
1466,Esther,Bustos,escalonadulce@example.net,1964-07-07,2025-09-21 03:31:22
1459,Chuy,Vives,cecilia74@example.com,,2025-10-01 16:20:15
1880,Guillermo,Goñi,sporcel@example.com,,2025-10-09 05:14:44
1437,Emilia,Cano,mbermudez@example.net,2008-04-22,2025-10-10 20:55:32
1016,Félix,Gras,leonel09@example.net,1966-07-23,2025-09-21 04:47:31
1366,Silvia,Roca,fcolomer@example.org,1985-11-06,2025-09-25 08:55:01
1158,Bárbara,Blanca,nazaret55@example.net,1945-08-07,2025-09-23 04:08:21
1622,Leyre,Vilar,noa63@example.org,1966-01-13,2025-10-14 03:46:50
1627,Reyes,Alcaraz,uvalls@example.net,1989-02-17,2025-10-02 05:07:16
1974,Clotilde!,Ferrández,loidaherranz@example.com,1968-12-30,2025-09-24 00:07:13
1041,Remigio,Ángel,ftejada@example.com,1953-03-23,2025-10-13 21:15:46
1407,Gema,Maldonado,teodoro81@example.net,,2025-09-21 13:03:19
1952,Adelardo,Costa,barberavalentin@example.net,1993-07-27,2025-09-24 13:12:46
1599,a,Peiró,a.peiro@hotmail,1993-10-29,2025-10-08 10:57:06
1097,Francisco,Terrón,desiderio76@example.net,1962-12-21,2025-09-21 21:06:42
1361,Rufina,Gracia,herediareyes@example.org,1999-12-17,2025-10-09 06:37:01
1750,Natalio,Valverde,elena10@example.com,1968-04-11,2025-10-11 19:14:13
1709,Benigno,Jara,roberto02@example.com,1970-05-18,2025-10-08 07:38:58
1249,Pánfilo,Leal,luzmenendez@example.org,2002-10-13,2025-09-29 07:03:11
1898,Leandro,Ramón,jvalls@example.net,1982-04-05,2025-09-24 12:37:56
1695,Gonzalo,Pozuelo,sastrediego@example.net,2000-02-18,2025-09-27 14:08:16
1701,Ricarda,Andres,heraclio44@example.org,1954-09-09,2025-09-25 11:17:46
1315,Román,Sanmiguel,ainoa97@example.org,1960-04-30,2025-09-22 12:01:29
1059,Aurelia,Narváez,greig@example.org,1957-05-06,2025-09-23 13:28:04
1088,Pepito123,Peinado,ligia34@example.com,2003-10-18,2025-10-04 15:55:54
1765,Máximo,Nadal,teodosiogimeno@example.com,1982-01-19,2025-09-18 22:42:08
1253,Hugo@,Cifuentes,fidela34@example.org,1964-01-17,2025-09-21 10:50:26
1095,Juan Luis??,Lucena,paulagalvez@example.net,1990-04-27,2025-09-24 10:07:59
1604,Ruperto,Blanch,sigfrido06@example.org,1964-04-11,2025-09-22 16:48:35
1540,Miguel,Moliner,dorita97@example.com,1977-01-02,2025-10-09 12:41:36
1212,Dolores,Durán,luis-angeltamayo@example.net,1959-01-04,2025-09-18 03:18:28
1235,Moreno,Pavón,xzaragoza@example.com,2000-06-06,2025-10-03 13:28:36
1805,Anunciación,Rodriguez,anunciacion.rodriguez@prueba.es,1973-06-08,2025-10-01 19:20:08
1789,Mar,Cazorla,ainoaamador@example.com,2006-04-20,2025-10-03 09:31:40
1260,Gervasio,Piñeiro,pprats@example.net,,2025-10-05 13:49:30
1225,Yolanda,Carrión,emiliarivas@example.com,1974-01-26,2025-09-19 08:12:59
1124,Teodosio,Vilaplana,agallo@example.com,2002-09-04,2025-09-17 00:46:36
1030,Teo,Trujillo,teofilorosa@example.org,1981-07-08,2025-10-07 20:59:51
1576,Isa,Juárez,isa.juarez@na.org,1992-10-12,2025-09-17 04:41:07
1229,Zaida,Valle,fabricio17@example.com,2006-10-18,2025-10-10 23:34:35
1246,b,Cámara,flora96@example.net,,2025-09-27 10:52:02
1659,Edmundo,Ruano,edmundo.ruano@prueba.es,,2025-09-20 07:33:15
1649,Paloma,Fuster,parramaria-angeles@example.org,2009-01-02,2025-10-11 17:42:58
1809,Gabriela,Zurita,dporras@example.com,2013-09-14,2025-10-10 22:37:05
1432,Osvaldo,Diaz,cruzgallego@example.com,1964-09-01,2025-09-23 00:58:49
1458,Pío,Perez,ahervas@example.com,,2025-10-13 14:28:09
1013,b,Salgado,belenhidalgo@example.org,1977-01-18,2025-10-05 23:12:52
1370,Jafet,Lopez,vgalan@example.net,1975-12-23,2025-09-18 04:45:22
1226,Obdulia,Camps,puertajudith@example.org,1987-11-22,2025-10-12 22:25:05
1313,Itziar,Marí,marcelavelez@example.net,,2025-10-13 01:31:40
1676,Ramiro??,Saura,rosalinaarroyo@example.com,,2025-10-12 19:28:53
1775,Josefina,Lluch,zsancho@example.com,1956-01-25,2025-09-25 02:25:56
1724,Jerónimo,Carbajo,cesar10@example.org,1975-10-22,2025-10-03 01:02:20
1988,Selena,Alsina,pelayo87@example.org,1972-01-07,2025-10-15 20:16:49
1688,Maribel123,Portero,wvalencia@example.org,1966-11-16,2025-10-01 06:49:39
1507,Pablo,Nadal,pablo.nadal@test.com,1921-05-25,2025-09-26 01:01:03
1342,Evita,Olivares,jacinto58@example.org,1928-10-13,2025-09-17 21:23:54
1618,Gaspar,Angulo,isidorapalma@example.net,1984-04-01,2025-09-21 05:12:16
1976,Calista,Solé,fsalamanca@example.com,1928-04-03,2025-09-22 15:28:24
1833,Severino,Hurtado,luz64@example.com,1961-12-07,2025-09-21 13:14:58
1666,Lalo,Garcés,valeramodesta@example.net,2005-01-24,2025-10-08 13:08:22
1700,Florinda,Agustí,lgamez@example.org,1964-08-28,2025-10-15 14:20:29
1405,Jose,Royo,nydia72@example.org,1949-04-07,2025-10-03 05:18:04
1478,Angelita,Company,bermudezjafet@example.net,1974-04-23,2025-09-19 14:03:23
1377,Emma,Sanchez,benjamin61@example.org,,2025-09-28 20:53:01
1170,Estefanía,Rosado,fmercader@example.com,1958-02-28,2025-09-19 21:38:20
1871,Vidal,Mercader,kguzman@example.com,1983-02-03,2025-10-14 15:30:13
1611,Ainoa,Ortuño,mamenmur@example.com,1948-01-30,2025-09-22 10:04:37
1713,Águeda,Enríquez,qsalom@example.com,1961-06-07,2025-09-26 05:44:47
1178,Celestina,Correa,garciaximena@example.net,1976-09-27,2025-10-13 16:01:20
1782,Natalia,Aranda,natalia.arandagmail.com,1951-03-18,2025-09-22 09:50:26
1092,Leandra,Osuna,galo93@example.com,1980-11-15,2025-09-23 17:20:33
1683,Bernardo,Acedo,vboix@example.org,1945-10-28,2025-09-23 12:32:55
1474,Prudencio,Ayuso,rafa25@example.com,,2025-10-08 09:55:31
1120,Paola,Arias,candidofabra@example.net,2005-06-03,2025-09-23 18:30:24
1900,c,Chamorro,jabad@example.org,2006-08-25,2025-10-08 16:06:10
1799,Eli,Bolaños,chaconjuan-antonio@example.org,1958-12-20,2025-10-01 12:43:48
1931,Leonor,Ribes,cirinovillalobos@example.net,2026-07-15,2025-09-23 02:50:13
1536,Eutropio,Cabeza,eutropio.cabeza@prueba.es,1957-12-25,2025-09-20 22:30:23
1085,Ciriaco,España,codinadominga@example.org,,2025-10-15 06:10:51
1464,Gregorio,Palomar,ricardo54@example.com,1951-02-15,2025-10-08 05:17:05
1960,Chus,Gimenez,orianaescobar@example.com,1946-08-19,2025-09-24 14:08:47
1575,Noemí,Murillo,batallavictorino@example.org,1965-03-27,2025-10-03 13:29:54
